,0,1,2,predicted_winner,predicted_winner_probability,predicted_over_under,predicted_over_under_probability,game_id,total,winner,Total Score Close,home_team,away_team,game_date,Home Odds Close,Away Odds Close,over_under,home,away,picked_home,picked_away,winner_correct,winner_incorrect,winner_tie,over_under_correct,over_under_incorrect,over_under_push,winner_return,over_under_return
1,2023_03_IND_BAL,"{'Winner': ['BAL'], 'Probabilities': [0.7346230149269104], 'Result': 'Indianapolis Colts'}","{'Over/Under': ['Over'], 'Probability': [0.5616402626037598], 'Result': 'Under'}",Baltimore Ravens,0.7346230149269104,Over,0.5616402626037598,2023_03_IND_BAL,41,Indianapolis Colts,43.0,BAL,IND,2023-09-24,1.256,4.1,Under,Baltimore Ravens,Indianapolis Colts,True,False,False,True,False,False,True,False,-1.0,-1.0
2,2023_04_LA_IND,"{'Winner': ['IND'], 'Probabilities': [0.5053534507751465], 'Result': 'Los Angeles Rams'}","{'Over/Under': ['Over'], 'Probability': [0.5800015330314636], 'Result': 'Over'}",Indianapolis Colts,0.5053534507751465,Over,0.5800015330314636,2023_04_LA_IND,52,Los Angeles Rams,45.5,IND,LA,2023-10-01,1.909,1.909,Over,Indianapolis Colts,Los Angeles Rams,True,False,False,True,False,True,False,False,-1.0,0.91
3,2023_05_TEN_IND,"{'Winner': ['IND'], 'Probabilities': [0.5838393568992615], 'Result': 'Indianapolis Colts'}","{'Over/Under': ['Over'], 'Probability': [0.6467171907424927], 'Result': 'Under'}",Indianapolis Colts,0.5838393568992615,Over,0.6467171907424927,2023_05_TEN_IND,39,Indianapolis Colts,43.5,IND,TEN,2023-10-08,2.2,1.714,Under,Indianapolis Colts,Tennessee Titans,True,False,True,False,False,False,True,False,1.2000000000000002,-1.0
4,2023_06_IND_JAX,"{'Winner': ['JAX'], 'Probabilities': [0.5955447554588318], 'Result': 'Jacksonville Jaguars'}","{'Over/Under': ['Under'], 'Probability': [0.7543897926807404], 'Result': 'Over'}",Jacksonville Jaguars,0.5955447554588318,Under,0.7543897926807404,2023_06_IND_JAX,57,Jacksonville Jaguars,44.0,JAX,IND,2023-10-15,1.5,2.7,Over,Jacksonville Jaguars,Indianapolis Colts,True,False,True,False,False,False,True,False,0.5,-1.0
5,2023_07_CLE_IND,"{'Winner': ['IND'], 'Probabilities': [0.5302914381027222], 'Result': 'Cleveland Browns'}","{'Over/Under': ['Over'], 'Probability': [0.6175563931465149], 'Result': 'Over'}",Indianapolis Colts,0.5302914381027222,Over,0.6175563931465149,2023_07_CLE_IND,77,Cleveland Browns,39.5,IND,CLE,2023-10-22,2.55,1.571,Over,Indianapolis Colts,Cleveland Browns,True,False,False,True,False,True,False,False,-1.0,0.91
6,2023_08_NO_IND,"{'Winner': ['IND'], 'Probabilities': [0.5542652010917664], 'Result': 'New Orleans Saints'}","{'Over/Under': ['Over'], 'Probability': [0.5561238527297974], 'Result': 'Over'}",Indianapolis Colts,0.5542652010917664,Over,0.5561238527297974,2023_08_NO_IND,65,New Orleans Saints,43.5,IND,NO,2023-10-29,2.15,1.74,Over,Indianapolis Colts,New Orleans Saints,True,False,False,True,False,True,False,False,-1.0,0.91
7,2023_09_IND_CAR,"{'Winner': ['IND'], 'Probabilities': [0.5292279124259949], 'Result': 'Indianapolis Colts'}","{'Over/Under': ['Under'], 'Probability': [0.8588878810405731], 'Result': 'Under'}",Indianapolis Colts,0.5292279124259949,Under,0.8588878810405731,2023_09_IND_CAR,40,Indianapolis Colts,45.0,CAR,IND,2023-11-05,2.05,1.8,Under,Carolina Panthers,Indianapolis Colts,False,True,True,False,False,True,False,False,0.8,0.91
8,2023_10_IND_NE,"{'Winner': ['IND'], 'Probabilities': [0.541520357131958], 'Result': 'Indianapolis Colts'}","{'Over/Under': ['Under'], 'Probability': [0.5172080397605896], 'Result': 'Under'}",Indianapolis Colts,0.541520357131958,Under,0.5172080397605896,2023_10_IND_NE,16,Indianapolis Colts,42.5,NE,IND,2023-11-12,2.0,1.833,Under,New England Patriots,Indianapolis Colts,False,True,True,False,False,True,False,False,0.833,0.91
9,2023_12_TB_IND,"{'Winner': ['IND'], 'Probabilities': [0.5579388737678528], 'Result': 'Indianapolis Colts'}","{'Over/Under': ['Over'], 'Probability': [0.5177459716796875], 'Result': 'Over'}",Indianapolis Colts,0.5579388737678528,Over,0.5177459716796875,2023_12_TB_IND,47,Indianapolis Colts,45.0,IND,TB,2023-11-26,1.689,2.25,Over,Indianapolis Colts,Tampa Bay Buccaneers,True,False,True,False,False,True,False,False,0.6890000000000001,0.91
10,2023_13_IND_TEN,"{'Winner': ['TEN'], 'Probabilities': [0.5694803595542908], 'Result': 'Indianapolis Colts'}","{'Over/Under': ['Over'], 'Probability': [0.5032557845115662], 'Result': 'Over'}",Tennessee Titans,0.5694803595542908,Over,0.5032557845115662,2023_13_IND_TEN,59,Indianapolis Colts,42.0,TEN,IND,2023-12-03,2.0,1.833,Over,Tennessee Titans,Indianapolis Colts,True,False,False,True,False,True,False,False,-1.0,0.91
11,2023_14_IND_CIN,"{'Winner': ['CIN'], 'Probabilities': [0.561748206615448], 'Result': 'Cincinnati Bengals'}","{'Over/Under': ['Under'], 'Probability': [0.5573852062225342], 'Result': 'Over'}",Cincinnati Bengals,0.561748206615448,Under,0.5573852062225342,2023_14_IND_CIN,48,Cincinnati Bengals,44.5,CIN,IND,2023-12-10,1.645,2.35,Over,Cincinnati Bengals,Indianapolis Colts,True,False,True,False,False,False,True,False,0.645,-1.0
12,2023_15_PIT_IND,"{'Winner': ['IND'], 'Probabilities': [0.6682543158531189], 'Result': 'Indianapolis Colts'}","{'Over/Under': ['Under'], 'Probability': [0.5168542265892029], 'Result': 'Over'}",Indianapolis Colts,0.6682543158531189,Under,0.5168542265892029,2023_15_PIT_IND,43,Indianapolis Colts,41.5,IND,PIT,2023-12-16,1.833,2.0,Over,Indianapolis Colts,Pittsburgh Steelers,True,False,True,False,False,False,True,False,0.833,-1.0
13,2023_16_IND_ATL,"{'Winner': ['ATL'], 'Probabilities': [0.5661472082138062], 'Result': 'Atlanta Falcons'}","{'Over/Under': ['Over'], 'Probability': [0.5689623355865479], 'Result': 'Under'}",Atlanta Falcons,0.5661472082138062,Over,0.5689623355865479,2023_16_IND_ATL,39,Atlanta Falcons,44.5,ATL,IND,2023-12-24,1.714,2.2,Under,Atlanta Falcons,Indianapolis Colts,True,False,True,False,False,False,True,False,0.714,-1.0
15,2023_03_ATL_DET,"{'Winner': ['DET'], 'Probabilities': [0.5337623953819275], 'Result': 'Detroit Lions'}","{'Over/Under': ['Over'], 'Probability': [0.6227086186408997], 'Result': 'Under'}",Detroit Lions,0.5337623953819275,Over,0.6227086186408997,2023_03_ATL_DET,26,Detroit Lions,46.0,DET,ATL,2023-09-24,1.588,2.5,Under,Detroit Lions,Atlanta Falcons,True,False,True,False,False,False,True,False,0.5880000000000001,-1.0
16,2023_04_ATL_JAX,"{'Winner': ['JAX'], 'Probabilities': [0.5947651267051697], 'Result': 'Jacksonville Jaguars'}","{'Over/Under': ['Under'], 'Probability': [0.6430569291114807], 'Result': 'Under'}",Jacksonville Jaguars,0.5947651267051697,Under,0.6430569291114807,2023_04_ATL_JAX,30,Jacksonville Jaguars,42.5,JAX,ATL,2023-10-01,1.588,2.5,Under,Jacksonville Jaguars,Atlanta Falcons,True,False,True,False,False,True,False,False,0.5880000000000001,0.91
17,2023_05_HOU_ATL,"{'Winner': ['HOU'], 'Probabilities': [0.6135608553886414], 'Result': 'Atlanta Falcons'}","{'Over/Under': ['Over'], 'Probability': [0.70516437292099], 'Result': 'Under'}",Houston Texans,0.6135608553886414,Over,0.70516437292099,2023_05_HOU_ATL,40,Atlanta Falcons,42.0,ATL,HOU,2023-10-08,1.714,2.2,Under,Atlanta Falcons,Houston Texans,False,True,False,True,False,False,True,False,-1.0,-1.0
18,2023_06_WAS_ATL,"{'Winner': ['ATL'], 'Probabilities': [0.5729166865348816], 'Result': 'Washington Commanders'}","{'Over/Under': ['Over'], 'Probability': [0.5291509032249451], 'Result': 'Under'}",Atlanta Falcons,0.5729166865348816,Over,0.5291509032249451,2023_06_WAS_ATL,40,Washington Commanders,42.0,ATL,WAS,2023-10-15,1.8,2.05,Under,Atlanta Falcons,Washington Commanders,True,False,False,True,False,False,True,False,-1.0,-1.0
19,2023_07_ATL_TB,"{'Winner': ['TB'], 'Probabilities': [0.7426288723945618], 'Result': 'Atlanta Falcons'}","{'Over/Under': ['Over'], 'Probability': [0.666438102722168], 'Result': 'Under'}",Tampa Bay Buccaneers,0.7426288723945618,Over,0.666438102722168,2023_07_ATL_TB,29,Atlanta Falcons,37.5,TB,ATL,2023-10-22,1.666,2.3,Under,Tampa Bay Buccaneers,Atlanta Falcons,True,False,False,True,False,False,True,False,-1.0,-1.0
20,2023_08_ATL_TEN,"{'Winner': ['TEN'], 'Probabilities': [0.643879234790802], 'Result': 'Tennessee Titans'}","{'Over/Under': ['Over'], 'Probability': [0.7444014549255371], 'Result': 'Over'}",Tennessee Titans,0.643879234790802,Over,0.7444014549255371,2023_08_ATL_TEN,51,Tennessee Titans,35.5,TEN,ATL,2023-10-29,2.2,1.714,Over,Tennessee Titans,Atlanta Falcons,True,False,True,False,False,True,False,False,1.2000000000000002,0.91
21,2023_09_MIN_ATL,"{'Winner': ['ATL'], 'Probabilities': [0.5043798685073853], 'Result': 'Minnesota Vikings'}","{'Over/Under': ['Over'], 'Probability': [0.6770333647727966], 'Result': 'Over'}",Atlanta Falcons,0.5043798685073853,Over,0.6770333647727966,2023_09_MIN_ATL,59,Minnesota Vikings,39.0,ATL,MIN,2023-11-05,1.54,2.65,Over,Atlanta Falcons,Minnesota Vikings,True,False,False,True,False,True,False,False,-1.0,0.91
22,2023_10_ATL_ARI,"{'Winner': ['ATL'], 'Probabilities': [0.5617870390415192], 'Result': 'Arizona Cardinals'}","{'Over/Under': ['Under'], 'Probability': [0.6034733951091766], 'Result': 'Over'}",Atlanta Falcons,0.5617870390415192,Under,0.6034733951091766,2023_10_ATL_ARI,48,Arizona Cardinals,43.5,ARI,ATL,2023-11-12,2.1,1.769,Over,Arizona Cardinals,Atlanta Falcons,False,True,False,True,False,False,True,False,-1.0,-1.0
23,2023_12_NO_ATL,"{'Winner': ['ATL'], 'Probabilities': [0.5426619052886963], 'Result': 'Atlanta Falcons'}","{'Over/Under': ['Under'], 'Probability': [0.5671791136264801], 'Result': 'Under'}",Atlanta Falcons,0.5426619052886963,Under,0.5671791136264801,2023_12_NO_ATL,39,Atlanta Falcons,42.0,ATL,NO,2023-11-26,2.1,1.769,Under,Atlanta Falcons,New Orleans Saints,True,False,True,False,False,True,False,False,1.1,0.91
24,2023_13_ATL_NYJ,"{'Winner': ['ATL'], 'Probabilities': [0.515373557806015], 'Result': 'Atlanta Falcons'}","{'Over/Under': ['Over'], 'Probability': [0.6518115401268005], 'Result': 'Under'}",Atlanta Falcons,0.515373557806015,Over,0.6518115401268005,2023_13_ATL_NYJ,21,Atlanta Falcons,33.0,NYJ,ATL,2023-12-03,2.15,1.74,Under,New York Jets,Atlanta Falcons,False,True,True,False,False,False,True,False,0.74,-1.0
25,2023_14_TB_ATL,"{'Winner': ['ATL'], 'Probabilities': [0.621427595615387], 'Result': 'Tampa Bay Buccaneers'}","{'Over/Under': ['Over'], 'Probability': [0.8349158763885498], 'Result': 'Over'}",Atlanta Falcons,0.621427595615387,Over,0.8349158763885498,2023_14_TB_ATL,54,Tampa Bay Buccaneers,41.5,ATL,TB,2023-12-10,1.8,2.05,Over,Atlanta Falcons,Tampa Bay Buccaneers,True,False,False,True,False,True,False,False,-1.0,0.91
26,2023_15_ATL_CAR,"{'Winner': ['ATL'], 'Probabilities': [0.5288150906562805], 'Result': 'Carolina Panthers'}","{'Over/Under': ['Over'], 'Probability': [0.5129017233848572], 'Result': 'Under'}",Atlanta Falcons,0.5288150906562805,Over,0.5129017233848572,2023_15_ATL_CAR,16,Carolina Panthers,32.0,CAR,ATL,2023-12-17,2.25,1.666,Under,Carolina Panthers,Atlanta Falcons,False,True,False,True,False,False,True,False,-1.0,-1.0
28,2023_03_LAC_MIN,"{'Winner': ['LAC'], 'Probabilities': [0.5799899101257324], 'Result': 'Los Angeles Chargers'}","{'Over/Under': ['Over'], 'Probability': [0.788425087928772], 'Result': 'Under'}",Los Angeles Chargers,0.5799899101257324,Over,0.788425087928772,2023_03_LAC_MIN,52,Los Angeles Chargers,54.0,MIN,LAC,2023-09-24,1.869,1.952,Under,Minnesota Vikings,Los Angeles Chargers,False,True,True,False,False,False,True,False,0.952,-1.0
29,2023_04_LV_LAC,"{'Winner': ['LAC'], 'Probabilities': [0.6305047273635864], 'Result': 'Los Angeles Chargers'}","{'Over/Under': ['Under'], 'Probability': [0.6521079540252686], 'Result': 'Under'}",Los Angeles Chargers,0.6305047273635864,Under,0.6521079540252686,2023_04_LV_LAC,41,Los Angeles Chargers,48.0,LAC,LV,2023-10-01,1.37,3.2,Under,Los Angeles Chargers,Las Vegas Raiders,True,False,True,False,False,True,False,False,0.3700000000000001,0.91
30,2023_06_DAL_LAC,"{'Winner': ['DAL'], 'Probabilities': [0.5431542992591858], 'Result': 'Dallas Cowboys'}","{'Over/Under': ['Over'], 'Probability': [0.6774271130561829], 'Result': 'Under'}",Dallas Cowboys,0.5431542992591858,Over,0.6774271130561829,2023_06_DAL_LAC,37,Dallas Cowboys,50.0,LAC,DAL,2023-10-16,2.0,1.833,Under,Los Angeles Chargers,Dallas Cowboys,False,True,True,False,False,False,True,False,0.833,-1.0
31,2023_07_LAC_KC,"{'Winner': ['KC'], 'Probabilities': [0.677118182182312], 'Result': 'Kansas City Chiefs'}","{'Over/Under': ['Over'], 'Probability': [0.7519373893737793], 'Result': 'Under'}",Kansas City Chiefs,0.677118182182312,Over,0.7519373893737793,2023_07_LAC_KC,48,Kansas City Chiefs,48.5,KC,LAC,2023-10-22,1.4,3.1,Under,Kansas City Chiefs,Los Angeles Chargers,True,False,True,False,False,False,True,False,0.3999999999999999,-1.0
32,2023_08_CHI_LAC,"{'Winner': ['LAC'], 'Probabilities': [0.589347779750824], 'Result': 'Los Angeles Chargers'}","{'Over/Under': ['Under'], 'Probability': [0.6933666467666626], 'Result': 'Under'}",Los Angeles Chargers,0.589347779750824,Under,0.6933666467666626,2023_08_CHI_LAC,43,Los Angeles Chargers,46.0,LAC,CHI,2023-10-29,1.19,5.0,Under,Los Angeles Chargers,Chicago Bears,True,False,True,False,False,True,False,False,0.18999999999999995,0.91
33,2023_09_LAC_NYJ,"{'Winner': ['LAC'], 'Probabilities': [0.5353333055973053], 'Result': 'Los Angeles Chargers'}","{'Over/Under': ['Over'], 'Probability': [0.5930489301681519], 'Result': 'Under'}",Los Angeles Chargers,0.5353333055973053,Over,0.5930489301681519,2023_09_LAC_NYJ,33,Los Angeles Chargers,41.0,NYJ,LAC,2023-11-06,2.45,1.606,Under,New York Jets,Los Angeles Chargers,False,True,True,False,False,False,True,False,0.6060000000000001,-1.0
34,2023_10_DET_LAC,"{'Winner': ['LAC'], 'Probabilities': [0.5086548924446106], 'Result': 'Detroit Lions'}","{'Over/Under': ['Under'], 'Probability': [0.8118421286344528], 'Result': 'Over'}",Los Angeles Chargers,0.5086548924446106,Under,0.8118421286344528,2023_10_DET_LAC,79,Detroit Lions,48.5,LAC,DET,2023-11-12,2.15,1.74,Over,Los Angeles Chargers,Detroit Lions,True,False,False,True,False,False,True,False,-1.0,-1.0
35,2023_11_LAC_GB,"{'Winner': ['LAC'], 'Probabilities': [0.5929296910762787], 'Result': 'Green Bay Packers'}","{'Over/Under': ['Over'], 'Probability': [0.6182898283004761], 'Result': 'Under'}",Los Angeles Chargers,0.5929296910762787,Over,0.6182898283004761,2023_11_LAC_GB,43,Green Bay Packers,44.0,GB,LAC,2023-11-19,2.35,1.645,Under,Green Bay Packers,Los Angeles Chargers,False,True,False,True,False,False,True,False,-1.0,-1.0
36,2023_12_BAL_LAC,"{'Winner': ['BAL'], 'Probabilities': [0.5434526205062866], 'Result': 'Baltimore Ravens'}","{'Over/Under': ['Under'], 'Probability': [0.8047454506158829], 'Result': 'Under'}",Baltimore Ravens,0.5434526205062866,Under,0.8047454506158829,2023_12_BAL_LAC,30,Baltimore Ravens,49.0,LAC,BAL,2023-11-26,2.4,1.625,Under,Los Angeles Chargers,Baltimore Ravens,False,True,True,False,False,True,False,False,0.625,0.91
37,2023_13_LAC_NE,"{'Winner': ['LAC'], 'Probabilities': [0.56904536485672], 'Result': 'Los Angeles Chargers'}","{'Over/Under': ['Under'], 'Probability': [0.6081568002700806], 'Result': 'Under'}",Los Angeles Chargers,0.56904536485672,Under,0.6081568002700806,2023_13_LAC_NE,6,Los Angeles Chargers,39.0,NE,LAC,2023-12-03,2.8,1.454,Under,New England Patriots,Los Angeles Chargers,False,True,True,False,False,True,False,False,0.45399999999999996,0.91
38,2023_14_DEN_LAC,"{'Winner': ['LAC'], 'Probabilities': [0.6074321866035461], 'Result': 'Denver Broncos'}","{'Over/Under': ['Under'], 'Probability': [0.6962873041629791], 'Result': 'Under'}",Los Angeles Chargers,0.6074321866035461,Under,0.6962873041629791,2023_14_DEN_LAC,31,Denver Broncos,46.0,LAC,DEN,2023-12-10,1.625,2.4,Under,Los Angeles Chargers,Denver Broncos,True,False,False,True,False,True,False,False,-1.0,0.91
39,2023_15_LAC_LV,"{'Winner': ['LAC'], 'Probabilities': [0.5648099780082703], 'Result': 'Las Vegas Raiders'}","{'Over/Under': ['Under'], 'Probability': [0.761812686920166], 'Result': 'Over'}",Los Angeles Chargers,0.5648099780082703,Under,0.761812686920166,2023_15_LAC_LV,84,Las Vegas Raiders,35.5,LV,LAC,2023-12-14,1.625,2.35,Over,Las Vegas Raiders,Los Angeles Chargers,False,True,False,True,False,False,True,False,-1.0,-1.0
40,2023_16_BUF_LAC,"{'Winner': ['BUF'], 'Probabilities': [0.6842017471790314], 'Result': 'Buffalo Bills'}","{'Over/Under': ['Under'], 'Probability': [0.6982477605342865], 'Result': 'Over'}",Buffalo Bills,0.6842017471790314,Under,0.6982477605342865,2023_16_BUF_LAC,46,Buffalo Bills,44.5,LAC,BUF,2023-12-23,6.25,1.133,Over,Los Angeles Chargers,Buffalo Bills,False,True,True,False,False,False,True,False,0.133,-1.0
42,2023_04_MIN_CAR,"{'Winner': ['MIN'], 'Probabilities': [0.5384500324726105], 'Result': 'Minnesota Vikings'}","{'Over/Under': ['Over'], 'Probability': [0.62205570936203], 'Result': 'Under'}",Minnesota Vikings,0.5384500324726105,Over,0.62205570936203,2023_04_MIN_CAR,34,Minnesota Vikings,46.5,CAR,MIN,2023-10-01,2.8,1.454,Under,Carolina Panthers,Minnesota Vikings,False,True,True,False,False,False,True,False,0.45399999999999996,-1.0
43,2023_05_KC_MIN,"{'Winner': ['KC'], 'Probabilities': [0.6918143033981323], 'Result': 'Kansas City Chiefs'}","{'Over/Under': ['Under'], 'Probability': [0.6384600400924683], 'Result': 'Under'}",Kansas City Chiefs,0.6918143033981323,Under,0.6384600400924683,2023_05_KC_MIN,47,Kansas City Chiefs,52.5,MIN,KC,2023-10-08,2.6,1.555,Under,Minnesota Vikings,Kansas City Chiefs,False,True,True,False,False,True,False,False,0.5549999999999999,0.91
44,2023_06_MIN_CHI,"{'Winner': ['MIN'], 'Probabilities': [0.5263704657554626], 'Result': 'Minnesota Vikings'}","{'Over/Under': ['Under'], 'Probability': [0.8744145035743713], 'Result': 'Under'}",Minnesota Vikings,0.5263704657554626,Under,0.8744145035743713,2023_06_MIN_CHI,32,Minnesota Vikings,44.5,CHI,MIN,2023-10-15,2.4,1.625,Under,Chicago Bears,Minnesota Vikings,False,True,True,False,False,True,False,False,0.625,0.91
45,2023_07_SF_MIN,"{'Winner': ['SF'], 'Probabilities': [0.6436935067176819], 'Result': 'Minnesota Vikings'}","{'Over/Under': ['Over'], 'Probability': [0.5672895908355713], 'Result': 'Under'}",San Francisco 49ers,0.6436935067176819,Over,0.5672895908355713,2023_07_SF_MIN,39,Minnesota Vikings,44.0,MIN,SF,2023-10-23,3.5,1.322,Under,Minnesota Vikings,San Francisco 49ers,False,True,False,True,False,False,True,False,-1.0,-1.0
46,2023_08_MIN_GB,"{'Winner': ['MIN'], 'Probabilities': [0.5331878662109375], 'Result': 'Minnesota Vikings'}","{'Over/Under': ['Over'], 'Probability': [0.8169877529144287], 'Result': 'Under'}",Minnesota Vikings,0.5331878662109375,Over,0.8169877529144287,2023_08_MIN_GB,34,Minnesota Vikings,41.5,GB,MIN,2023-10-29,2.05,1.8,Under,Green Bay Packers,Minnesota Vikings,False,True,True,False,False,False,True,False,0.8,-1.0
47,2023_10_NO_MIN,"{'Winner': ['MIN'], 'Probabilities': [0.5614006519317627], 'Result': 'Minnesota Vikings'}","{'Over/Under': ['Over'], 'Probability': [0.766150176525116], 'Result': 'Over'}",Minnesota Vikings,0.5614006519317627,Over,0.766150176525116,2023_10_NO_MIN,46,Minnesota Vikings,40.5,MIN,NO,2023-11-12,2.35,1.645,Over,Minnesota Vikings,New Orleans Saints,True,False,True,False,False,True,False,False,1.35,0.91
48,2023_11_MIN_DEN,"{'Winner': ['MIN'], 'Probabilities': [0.5839947462081909], 'Result': 'Denver Broncos'}","{'Over/Under': ['Over'], 'Probability': [0.6785991787910461], 'Result': 'Under'}",Minnesota Vikings,0.5839947462081909,Over,0.6785991787910461,2023_11_MIN_DEN,41,Denver Broncos,43.0,DEN,MIN,2023-11-19,1.714,2.2,Under,Denver Broncos,Minnesota Vikings,False,True,False,True,False,False,True,False,-1.0,-1.0
49,2023_12_CHI_MIN,"{'Winner': ['MIN'], 'Probabilities': [0.6541374921798706], 'Result': 'Chicago Bears'}","{'Over/Under': ['Under'], 'Probability': [0.652136504650116], 'Result': 'Under'}",Minnesota Vikings,0.6541374921798706,Under,0.652136504650116,2023_12_CHI_MIN,22,Chicago Bears,43.5,MIN,CHI,2023-11-27,1.625,2.4,Under,Minnesota Vikings,Chicago Bears,True,False,False,True,False,True,False,False,-1.0,0.91
50,2023_14_MIN_LV,"{'Winner': ['MIN'], 'Probabilities': [0.546598345041275], 'Result': 'Minnesota Vikings'}","{'Over/Under': ['Over'], 'Probability': [0.775010883808136], 'Result': 'Under'}",Minnesota Vikings,0.546598345041275,Over,0.775010883808136,2023_14_MIN_LV,3,Minnesota Vikings,40.5,LV,MIN,2023-12-10,2.35,1.645,Under,Las Vegas Raiders,Minnesota Vikings,False,True,True,False,False,False,True,False,0.645,-1.0
51,2023_15_MIN_CIN,"{'Winner': ['MIN'], 'Probabilities': [0.5168834030628204], 'Result': 'Cincinnati Bengals'}","{'Over/Under': ['Over'], 'Probability': [0.5848631858825684], 'Result': 'Over'}",Minnesota Vikings,0.5168834030628204,Over,0.5848631858825684,2023_15_MIN_CIN,51,Cincinnati Bengals,41.0,CIN,MIN,2023-12-16,1.588,2.45,Over,Cincinnati Bengals,Minnesota Vikings,False,True,False,True,False,True,False,False,-1.0,0.91
52,2023_16_DET_MIN,"{'Winner': ['DET'], 'Probabilities': [0.5548868775367737], 'Result': 'Detroit Lions'}","{'Over/Under': ['Under'], 'Probability': [0.8396760076284409], 'Result': 'Over'}",Detroit Lions,0.5548868775367737,Under,0.8396760076284409,2023_16_DET_MIN,54,Detroit Lions,47.5,MIN,DET,2023-12-24,2.2,1.714,Over,Minnesota Vikings,Detroit Lions,False,True,True,False,False,False,True,False,0.714,-1.0
54,2023_03_NYG_SF,"{'Winner': ['SF'], 'Probabilities': [0.7427486777305603], 'Result': 'San Francisco 49ers'}","{'Over/Under': ['Over'], 'Probability': [0.6938999891281128], 'Result': 'Under'}",San Francisco 49ers,0.7427486777305603,Over,0.6938999891281128,2023_03_NYG_SF,42,San Francisco 49ers,44.5,SF,NYG,2023-09-21,1.181,5.25,Under,San Francisco 49ers,New York Giants,True,False,True,False,False,False,True,False,0.18100000000000005,-1.0
55,2023_04_SEA_NYG,"{'Winner': ['SEA'], 'Probabilities': [0.6266400516033173], 'Result': 'Seattle Seahawks'}","{'Over/Under': ['Over'], 'Probability': [0.6096516251564026], 'Result': 'Under'}",Seattle Seahawks,0.6266400516033173,Over,0.6096516251564026,2023_04_SEA_NYG,27,Seattle Seahawks,47.0,NYG,SEA,2023-10-02,2.1,1.769,Under,New York Giants,Seattle Seahawks,False,True,True,False,False,False,True,False,0.7689999999999999,-1.0
56,2023_05_NYG_MIA,"{'Winner': ['MIA'], 'Probabilities': [0.8344935774803162], 'Result': 'Miami Dolphins'}","{'Over/Under': ['Under'], 'Probability': [0.7783703655004501], 'Result': 'Under'}",Miami Dolphins,0.8344935774803162,Under,0.7783703655004501,2023_05_NYG_MIA,47,Miami Dolphins,47.5,MIA,NYG,2023-10-08,1.125,6.5,Under,Miami Dolphins,New York Giants,True,False,True,False,False,True,False,False,0.125,0.91
57,2023_06_NYG_BUF,"{'Winner': ['BUF'], 'Probabilities': [0.7598996758460999], 'Result': 'Buffalo Bills'}","{'Over/Under': ['Under'], 'Probability': [0.6367819309234619], 'Result': 'Under'}",Buffalo Bills,0.7598996758460999,Under,0.6367819309234619,2023_06_NYG_BUF,23,Buffalo Bills,43.5,BUF,NYG,2023-10-15,1.076,9.0,Under,Buffalo Bills,New York Giants,True,False,True,False,False,True,False,False,0.07600000000000007,0.91
58,2023_07_WAS_NYG,"{'Winner': ['WAS'], 'Probabilities': [0.5623458623886108], 'Result': 'New York Giants'}","{'Over/Under': ['Under'], 'Probability': [0.8532017171382904], 'Result': 'Under'}",Washington Commanders,0.5623458623886108,Under,0.8532017171382904,2023_07_WAS_NYG,21,New York Giants,37.0,NYG,WAS,2023-10-22,2.35,1.645,Under,New York Giants,Washington Commanders,False,True,False,True,False,True,False,False,-1.0,0.91
59,2023_08_NYJ_NYG,"{'Winner': ['NYG'], 'Probabilities': [0.5280793905258179], 'Result': 'New York Jets'}","{'Over/Under': ['Under'], 'Probability': [0.80513696372509], 'Result': 'Under'}",New York Giants,0.5280793905258179,Under,0.80513696372509,2023_08_NYJ_NYG,23,New York Jets,34.5,NYG,NYJ,2023-10-29,2.45,1.606,Under,New York Giants,New York Jets,True,False,False,True,False,True,False,False,-1.0,0.91
60,2023_09_NYG_LV,"{'Winner': ['LV'], 'Probabilities': [0.5919541716575623], 'Result': 'Las Vegas Raiders'}","{'Over/Under': ['Over'], 'Probability': [0.6490381360054016], 'Result': 'Under'}",Las Vegas Raiders,0.5919541716575623,Over,0.6490381360054016,2023_09_NYG_LV,36,Las Vegas Raiders,38.5,LV,NYG,2023-11-05,1.833,2.0,Under,Las Vegas Raiders,New York Giants,True,False,True,False,False,False,True,False,0.833,-1.0
61,2023_10_NYG_DAL,"{'Winner': ['DAL'], 'Probabilities': [0.7524137496948242], 'Result': 'Dallas Cowboys'}","{'Over/Under': ['Under'], 'Probability': [0.6829502582550049], 'Result': 'Over'}",Dallas Cowboys,0.7524137496948242,Under,0.6829502582550049,2023_10_NYG_DAL,66,Dallas Cowboys,39.0,DAL,NYG,2023-11-12,1.05,12.25,Over,Dallas Cowboys,New York Giants,True,False,True,False,False,False,True,False,0.050000000000000044,-1.0
62,2023_11_NYG_WAS,"{'Winner': ['WAS'], 'Probabilities': [0.6696867942810059], 'Result': 'New York Giants'}","{'Over/Under': ['Under'], 'Probability': [0.5788498222827911], 'Result': 'Over'}",Washington Commanders,0.6696867942810059,Under,0.5788498222827911,2023_11_NYG_WAS,50,New York Giants,39.0,WAS,NYG,2023-11-19,1.256,4.1,Over,Washington Commanders,New York Giants,True,False,False,True,False,False,True,False,-1.0,-1.0
63,2023_12_NE_NYG,"{'Winner': ['NYG'], 'Probabilities': [0.5201995372772217], 'Result': 'New York Giants'}","{'Over/Under': ['Under'], 'Probability': [0.5160755515098572], 'Result': 'Under'}",New York Giants,0.5201995372772217,Under,0.5160755515098572,2023_12_NE_NYG,17,New York Giants,36.0,NYG,NE,2023-11-26,2.75,1.476,Under,New York Giants,New England Patriots,True,False,True,False,False,True,False,False,1.75,0.91
64,2023_14_GB_NYG,"{'Winner': ['GB'], 'Probabilities': [0.653498500585556], 'Result': 'New York Giants'}","{'Over/Under': ['Under'], 'Probability': [0.8411044180393219], 'Result': 'Over'}",Green Bay Packers,0.653498500585556,Under,0.8411044180393219,2023_14_GB_NYG,46,New York Giants,37.0,NYG,GB,2023-12-11,2.95,1.416,Over,New York Giants,Green Bay Packers,False,True,False,True,False,False,True,False,-1.0,-1.0
65,2023_15_NYG_NO,"{'Winner': ['NO'], 'Probabilities': [0.7030764222145081], 'Result': 'New Orleans Saints'}","{'Over/Under': ['Over'], 'Probability': [0.6843131184577942], 'Result': 'Under'}",New Orleans Saints,0.7030764222145081,Over,0.6843131184577942,2023_15_NYG_NO,30,New Orleans Saints,39.5,NO,NYG,2023-12-17,1.37,3.2,Under,New Orleans Saints,New York Giants,True,False,True,False,False,False,True,False,0.3700000000000001,-1.0
66,2023_16_NYG_PHI,"{'Winner': ['PHI'], 'Probabilities': [0.7378447651863098], 'Result': 'Philadelphia Eagles'}","{'Over/Under': ['Under'], 'Probability': [0.7289856970310211], 'Result': 'Over'}",Philadelphia Eagles,0.7378447651863098,Under,0.7289856970310211,2023_16_NYG_PHI,58,Philadelphia Eagles,41.5,PHI,NYG,2023-12-25,1.111,7.0,Over,Philadelphia Eagles,New York Giants,True,False,True,False,False,False,True,False,0.11099999999999999,-1.0
68,2023_03_DAL_ARI,"{'Winner': ['ARI'], 'Probabilities': [0.605937123298645], 'Result': 'Arizona Cardinals'}","{'Over/Under': ['Over'], 'Probability': [0.5830827951431274], 'Result': 'Over'}",Arizona Cardinals,0.605937123298645,Over,0.5830827951431274,2023_03_DAL_ARI,44,Arizona Cardinals,43.0,ARI,DAL,2023-09-24,6.25,1.133,Over,Arizona Cardinals,Dallas Cowboys,True,False,True,False,False,True,False,False,5.25,0.91
69,2023_04_NE_DAL,"{'Winner': ['DAL'], 'Probabilities': [0.6844216585159302], 'Result': 'Dallas Cowboys'}","{'Over/Under': ['Over'], 'Probability': [0.6921073198318481], 'Result': 'Under'}",Dallas Cowboys,0.6844216585159302,Over,0.6921073198318481,2023_04_NE_DAL,41,Dallas Cowboys,43.5,DAL,NE,2023-10-01,1.37,3.2,Under,Dallas Cowboys,New England Patriots,True,False,True,False,False,False,True,False,0.3700000000000001,-1.0
70,2023_05_DAL_SF,"{'Winner': ['SF'], 'Probabilities': [0.7119742035865784], 'Result': 'San Francisco 49ers'}","{'Over/Under': ['Over'], 'Probability': [0.7366904020309448], 'Result': 'Over'}",San Francisco 49ers,0.7119742035865784,Over,0.7366904020309448,2023_05_DAL_SF,52,San Francisco 49ers,45.5,SF,DAL,2023-10-08,1.54,2.65,Over,San Francisco 49ers,Dallas Cowboys,True,False,True,False,False,True,False,False,0.54,0.91
71,2023_08_LA_DAL,"{'Winner': ['DAL'], 'Probabilities': [0.6016678214073181], 'Result': 'Dallas Cowboys'}","{'Over/Under': ['Under'], 'Probability': [0.5595460832118988], 'Result': 'Over'}",Dallas Cowboys,0.6016678214073181,Under,0.5595460832118988,2023_08_LA_DAL,63,Dallas Cowboys,45.5,DAL,LA,2023-10-29,1.333,3.4,Over,Dallas Cowboys,Los Angeles Rams,True,False,True,False,False,False,True,False,0.33299999999999996,-1.0
72,2023_09_DAL_PHI,"{'Winner': ['PHI'], 'Probabilities': [0.6537603735923767], 'Result': 'Philadelphia Eagles'}","{'Over/Under': ['Over'], 'Probability': [0.5425881147384644], 'Result': 'Over'}",Philadelphia Eagles,0.6537603735923767,Over,0.5425881147384644,2023_09_DAL_PHI,51,Philadelphia Eagles,46.5,PHI,DAL,2023-11-05,1.588,2.5,Over,Philadelphia Eagles,Dallas Cowboys,True,False,True,False,False,True,False,False,0.5880000000000001,0.91
73,2023_11_DAL_CAR,"{'Winner': ['DAL'], 'Probabilities': [0.6428038775920868], 'Result': 'Dallas Cowboys'}","{'Over/Under': ['Over'], 'Probability': [0.6767181158065796], 'Result': 'Push'}",Dallas Cowboys,0.6428038775920868,Over,0.6767181158065796,2023_11_DAL_CAR,43,Dallas Cowboys,43.0,CAR,DAL,2023-11-19,5.75,1.153,Push,Carolina Panthers,Dallas Cowboys,False,True,True,False,False,False,False,True,0.15300000000000002,0.0
74,2023_12_WAS_DAL,"{'Winner': ['DAL'], 'Probabilities': [0.6432017087936401], 'Result': 'Dallas Cowboys'}","{'Over/Under': ['Under'], 'Probability': [0.7178252637386322], 'Result': 'Over'}",Dallas Cowboys,0.6432017087936401,Under,0.7178252637386322,2023_12_WAS_DAL,55,Dallas Cowboys,48.0,DAL,WAS,2023-11-23,1.125,6.5,Over,Dallas Cowboys,Washington Commanders,True,False,True,False,False,False,True,False,0.125,-1.0
75,2023_13_SEA_DAL,"{'Winner': ['DAL'], 'Probabilities': [0.6797769665718079], 'Result': 'Dallas Cowboys'}","{'Over/Under': ['Under'], 'Probability': [0.6855109930038452], 'Result': 'Over'}",Dallas Cowboys,0.6797769665718079,Under,0.6855109930038452,2023_13_SEA_DAL,76,Dallas Cowboys,47.5,DAL,SEA,2023-11-30,1.2,4.75,Over,Dallas Cowboys,Seattle Seahawks,True,False,True,False,False,False,True,False,0.19999999999999996,-1.0
76,2023_14_PHI_DAL,"{'Winner': ['DAL'], 'Probabilities': [0.500154972076416], 'Result': 'Dallas Cowboys'}","{'Over/Under': ['Under'], 'Probability': [0.7736119627952576], 'Result': 'Under'}",Dallas Cowboys,0.500154972076416,Under,0.7736119627952576,2023_14_PHI_DAL,46,Dallas Cowboys,52.5,DAL,PHI,2023-12-10,1.555,2.6,Under,Dallas Cowboys,Philadelphia Eagles,True,False,True,False,False,True,False,False,0.5549999999999999,0.91
77,2023_15_DAL_BUF,"{'Winner': ['BUF'], 'Probabilities': [0.5146182775497437], 'Result': 'Buffalo Bills'}","{'Over/Under': ['Over'], 'Probability': [0.704214334487915], 'Result': 'Under'}",Buffalo Bills,0.5146182775497437,Over,0.704214334487915,2023_15_DAL_BUF,41,Buffalo Bills,49.0,BUF,DAL,2023-12-17,1.714,2.2,Under,Buffalo Bills,Dallas Cowboys,True,False,True,False,False,False,True,False,0.714,-1.0
78,2023_16_DAL_MIA,"{'Winner': ['DAL'], 'Probabilities': [0.5135159492492676], 'Result': 'Miami Dolphins'}","{'Over/Under': ['Under'], 'Probability': [0.5479108393192291], 'Result': 'Under'}",Dallas Cowboys,0.5135159492492676,Under,0.5479108393192291,2023_16_DAL_MIA,42,Miami Dolphins,48.5,MIA,DAL,2023-12-24,1.833,2.0,Under,Miami Dolphins,Dallas Cowboys,False,True,False,True,False,True,False,False,-1.0,0.91
80,2023_03_BUF_WAS,"{'Winner': ['BUF'], 'Probabilities': [0.5051960051059723], 'Result': 'Buffalo Bills'}","{'Over/Under': ['Over'], 'Probability': [0.6113501787185669], 'Result': 'Under'}",Buffalo Bills,0.5051960051059723,Over,0.6113501787185669,2023_03_BUF_WAS,40,Buffalo Bills,43.0,WAS,BUF,2023-09-24,3.0,1.416,Under,Washington Commanders,Buffalo Bills,False,True,True,False,False,False,True,False,0.4159999999999999,-1.0
81,2023_04_MIA_BUF,"{'Winner': ['BUF'], 'Probabilities': [0.5530139207839966], 'Result': 'Buffalo Bills'}","{'Over/Under': ['Under'], 'Probability': [0.8783410117030144], 'Result': 'Over'}",Buffalo Bills,0.5530139207839966,Under,0.8783410117030144,2023_04_MIA_BUF,68,Buffalo Bills,53.5,BUF,MIA,2023-10-01,1.689,2.25,Over,Buffalo Bills,Miami Dolphins,True,False,True,False,False,False,True,False,0.6890000000000001,-1.0
82,2023_05_JAX_BUF,"{'Winner': ['BUF'], 'Probabilities': [0.672615647315979], 'Result': 'Jacksonville Jaguars'}","{'Over/Under': ['Under'], 'Probability': [0.6825025379657745], 'Result': 'Under'}",Buffalo Bills,0.672615647315979,Under,0.6825025379657745,2023_05_JAX_BUF,45,Jacksonville Jaguars,48.5,BUF,JAX,2023-10-08,1.408,3.05,Under,Buffalo Bills,Jacksonville Jaguars,True,False,False,True,False,True,False,False,-1.0,0.91
83,2023_07_BUF_NE,"{'Winner': ['BUF'], 'Probabilities': [0.6588671803474426], 'Result': 'New England Patriots'}","{'Over/Under': ['Over'], 'Probability': [0.6546583771705627], 'Result': 'Over'}",Buffalo Bills,0.6588671803474426,Over,0.6546583771705627,2023_07_BUF_NE,54,New England Patriots,41.0,NE,BUF,2023-10-22,4.1,1.256,Over,New England Patriots,Buffalo Bills,False,True,False,True,False,True,False,False,-1.0,0.91
84,2023_08_TB_BUF,"{'Winner': ['BUF'], 'Probabilities': [0.751114547252655], 'Result': 'Buffalo Bills'}","{'Over/Under': ['Over'], 'Probability': [0.7359984517097473], 'Result': 'Under'}",Buffalo Bills,0.751114547252655,Over,0.7359984517097473,2023_08_TB_BUF,42,Buffalo Bills,43.0,BUF,TB,2023-10-26,1.2,4.75,Under,Buffalo Bills,Tampa Bay Buccaneers,True,False,True,False,False,False,True,False,0.19999999999999996,-1.0
85,2023_09_BUF_CIN,"{'Winner': ['BUF'], 'Probabilities': [0.6419723331928253], 'Result': 'Cincinnati Bengals'}","{'Over/Under': ['Over'], 'Probability': [0.7549578547477722], 'Result': 'Under'}",Buffalo Bills,0.6419723331928253,Over,0.7549578547477722,2023_09_BUF_CIN,42,Cincinnati Bengals,51.0,CIN,BUF,2023-11-05,1.8,2.05,Under,Cincinnati Bengals,Buffalo Bills,False,True,False,True,False,False,True,False,-1.0,-1.0
86,2023_10_DEN_BUF,"{'Winner': ['BUF'], 'Probabilities': [0.6945117712020874], 'Result': 'Denver Broncos'}","{'Over/Under': ['Under'], 'Probability': [0.7346315085887909], 'Result': 'Under'}",Buffalo Bills,0.6945117712020874,Under,0.7346315085887909,2023_10_DEN_BUF,46,Denver Broncos,47.5,BUF,DEN,2023-11-13,1.27,3.9,Under,Buffalo Bills,Denver Broncos,True,False,False,True,False,True,False,False,-1.0,0.91
87,2023_11_NYJ_BUF,"{'Winner': ['BUF'], 'Probabilities': [0.804779052734375], 'Result': 'Buffalo Bills'}","{'Over/Under': ['Over'], 'Probability': [0.7496519684791565], 'Result': 'Under'}",Buffalo Bills,0.804779052734375,Over,0.7496519684791565,2023_11_NYJ_BUF,38,Buffalo Bills,39.0,BUF,NYJ,2023-11-19,1.235,4.25,Under,Buffalo Bills,New York Jets,True,False,True,False,False,False,True,False,0.2350000000000001,-1.0
88,2023_12_BUF_PHI,"{'Winner': ['PHI'], 'Probabilities': [0.5059791803359985], 'Result': 'Philadelphia Eagles'}","{'Over/Under': ['Over'], 'Probability': [0.5215378403663635], 'Result': 'Over'}",Philadelphia Eagles,0.5059791803359985,Over,0.5215378403663635,2023_12_BUF_PHI,71,Philadelphia Eagles,48.5,PHI,BUF,2023-11-26,1.689,2.25,Over,Philadelphia Eagles,Buffalo Bills,True,False,True,False,False,True,False,False,0.6890000000000001,0.91
89,2023_14_BUF_KC,"{'Winner': ['KC'], 'Probabilities': [0.531964123249054], 'Result': 'Buffalo Bills'}","{'Over/Under': ['Over'], 'Probability': [0.6669285893440247], 'Result': 'Under'}",Kansas City Chiefs,0.531964123249054,Over,0.6669285893440247,2023_14_BUF_KC,37,Buffalo Bills,49.5,KC,BUF,2023-12-10,1.769,2.1,Under,Kansas City Chiefs,Buffalo Bills,True,False,False,True,False,False,True,False,-1.0,-1.0
90,2023_03_HOU_JAX,"{'Winner': ['JAX'], 'Probabilities': [0.6486291885375977], 'Result': 'Houston Texans'}","{'Over/Under': ['Over'], 'Probability': [0.7498588562011719], 'Result': 'Over'}",Jacksonville Jaguars,0.6486291885375977,Over,0.7498588562011719,2023_03_HOU_JAX,54,Houston Texans,43.5,JAX,HOU,2023-09-24,1.256,4.1,Over,Jacksonville Jaguars,Houston Texans,True,False,False,True,False,True,False,False,-1.0,0.91
91,2023_04_PIT_HOU,"{'Winner': ['HOU'], 'Probabilities': [0.721993088722229], 'Result': 'Houston Texans'}","{'Over/Under': ['Over'], 'Probability': [0.763073205947876], 'Result': 'Under'}",Houston Texans,0.721993088722229,Over,0.763073205947876,2023_04_PIT_HOU,36,Houston Texans,42.0,HOU,PIT,2023-10-01,2.35,1.645,Under,Houston Texans,Pittsburgh Steelers,True,False,True,False,False,False,True,False,1.35,-1.0
92,2023_06_NO_HOU,"{'Winner': ['HOU'], 'Probabilities': [0.6145035624504089], 'Result': 'Houston Texans'}","{'Over/Under': ['Over'], 'Probability': [0.5973132252693176], 'Result': 'Under'}",Houston Texans,0.6145035624504089,Over,0.5973132252693176,2023_06_NO_HOU,33,Houston Texans,41.5,HOU,NO,2023-10-15,2.2,1.714,Under,Houston Texans,New Orleans Saints,True,False,True,False,False,False,True,False,1.2000000000000002,-1.0
93,2023_08_HOU_CAR,"{'Winner': ['HOU'], 'Probabilities': [0.6471843421459198], 'Result': 'Carolina Panthers'}","{'Over/Under': ['Over'], 'Probability': [0.7216764092445374], 'Result': 'Under'}",Houston Texans,0.6471843421459198,Over,0.7216764092445374,2023_08_HOU_CAR,28,Carolina Panthers,43.0,CAR,HOU,2023-10-29,2.55,1.571,Under,Carolina Panthers,Houston Texans,False,True,False,True,False,False,True,False,-1.0,-1.0
94,2023_09_TB_HOU,"{'Winner': ['HOU'], 'Probabilities': [0.7201751470565796], 'Result': 'Houston Texans'}","{'Over/Under': ['Over'], 'Probability': [0.5707142353057861], 'Result': 'Over'}",Houston Texans,0.7201751470565796,Over,0.5707142353057861,2023_09_TB_HOU,76,Houston Texans,40.0,HOU,TB,2023-11-05,1.666,2.3,Over,Houston Texans,Tampa Bay Buccaneers,True,False,True,False,False,True,False,False,0.6659999999999999,0.91
95,2023_10_HOU_CIN,"{'Winner': ['HOU'], 'Probabilities': [0.5367298722267151], 'Result': 'Houston Texans'}","{'Over/Under': ['Over'], 'Probability': [0.7095783948898315], 'Result': 'Over'}",Houston Texans,0.5367298722267151,Over,0.7095783948898315,2023_10_HOU_CIN,57,Houston Texans,45.5,CIN,HOU,2023-11-12,1.408,3.05,Over,Cincinnati Bengals,Houston Texans,False,True,True,False,False,True,False,False,2.05,0.91
96,2023_11_ARI_HOU,"{'Winner': ['HOU'], 'Probabilities': [0.7480208277702332], 'Result': 'Houston Texans'}","{'Over/Under': ['Under'], 'Probability': [0.730821430683136], 'Result': 'Under'}",Houston Texans,0.7480208277702332,Under,0.730821430683136,2023_11_ARI_HOU,37,Houston Texans,48.0,HOU,ARI,2023-11-19,1.425,2.95,Under,Houston Texans,Arizona Cardinals,True,False,True,False,False,True,False,False,0.42500000000000004,0.91
97,2023_12_JAX_HOU,"{'Winner': ['HOU'], 'Probabilities': [0.6628048419952393], 'Result': 'Jacksonville Jaguars'}","{'Over/Under': ['Over'], 'Probability': [0.6927920579910278], 'Result': 'Under'}",Houston Texans,0.6628048419952393,Over,0.6927920579910278,2023_12_JAX_HOU,45,Jacksonville Jaguars,47.5,HOU,JAX,2023-11-26,2.05,1.8,Under,Houston Texans,Jacksonville Jaguars,True,False,False,True,False,False,True,False,-1.0,-1.0
98,2023_13_DEN_HOU,"{'Winner': ['HOU'], 'Probabilities': [0.6813827753067017], 'Result': 'Houston Texans'}","{'Over/Under': ['Over'], 'Probability': [0.5948200225830078], 'Result': 'Under'}",Houston Texans,0.6813827753067017,Over,0.5948200225830078,2023_13_DEN_HOU,39,Houston Texans,47.0,HOU,DEN,2023-12-03,1.588,2.5,Under,Houston Texans,Denver Broncos,True,False,True,False,False,False,True,False,0.5880000000000001,-1.0
99,2023_14_HOU_NYJ,"{'Winner': ['HOU'], 'Probabilities': [0.6617436408996582], 'Result': 'New York Jets'}","{'Over/Under': ['Under'], 'Probability': [0.598525881767273], 'Result': 'Over'}",Houston Texans,0.6617436408996582,Under,0.598525881767273,2023_14_HOU_NYJ,36,New York Jets,33.5,NYJ,HOU,2023-12-10,2.45,1.606,Over,New York Jets,Houston Texans,False,True,False,True,False,False,True,False,-1.0,-1.0
100,2023_15_HOU_TEN,"{'Winner': ['HOU'], 'Probabilities': [0.5027032196521759], 'Result': 'Houston Texans'}","{'Over/Under': ['Over'], 'Probability': [0.6450425982475281], 'Result': 'Under'}",Houston Texans,0.5027032196521759,Over,0.6450425982475281,2023_15_HOU_TEN,35,Houston Texans,38.0,TEN,HOU,2023-12-17,1.588,2.45,Under,Tennessee Titans,Houston Texans,False,True,True,False,False,False,True,False,1.4500000000000002,-1.0
101,2023_16_CLE_HOU,"{'Winner': ['HOU'], 'Probabilities': [0.6154698133468628], 'Result': 'Cleveland Browns'}","{'Over/Under': ['Under'], 'Probability': [0.5686228275299072], 'Result': 'Over'}",Houston Texans,0.6154698133468628,Under,0.5686228275299072,2023_16_CLE_HOU,58,Cleveland Browns,40.0,HOU,CLE,2023-12-24,2.35,1.625,Over,Houston Texans,Cleveland Browns,True,False,False,True,False,False,True,False,-1.0,-1.0
102,2023_03_TEN_CLE,"{'Winner': ['CLE'], 'Probabilities': [0.7138175368309021], 'Result': 'Cleveland Browns'}","{'Over/Under': ['Under'], 'Probability': [0.6231719553470612], 'Result': 'Under'}",Cleveland Browns,0.7138175368309021,Under,0.6231719553470612,2023_03_TEN_CLE,30,Cleveland Browns,38.5,CLE,TEN,2023-09-24,1.555,2.6,Under,Cleveland Browns,Tennessee Titans,True,False,True,False,False,True,False,False,0.5549999999999999,0.91
103,2023_04_CIN_TEN,"{'Winner': ['TEN'], 'Probabilities': [0.6282824277877808], 'Result': 'Tennessee Titans'}","{'Over/Under': ['Over'], 'Probability': [0.9317464232444763], 'Result': 'Under'}",Tennessee Titans,0.6282824277877808,Over,0.9317464232444763,2023_04_CIN_TEN,30,Tennessee Titans,41.0,TEN,CIN,2023-10-01,2.25,1.689,Under,Tennessee Titans,Cincinnati Bengals,True,False,True,False,False,False,True,False,1.25,-1.0
104,2023_06_BAL_TEN,"{'Winner': ['TEN'], 'Probabilities': [0.5889249444007874], 'Result': 'Baltimore Ravens'}","{'Over/Under': ['Over'], 'Probability': [0.6766465306282043], 'Result': 'Under'}",Tennessee Titans,0.5889249444007874,Over,0.6766465306282043,2023_06_BAL_TEN,40,Baltimore Ravens,42.5,TEN,BAL,2023-10-15,3.0,1.416,Under,Tennessee Titans,Baltimore Ravens,True,False,False,True,False,False,True,False,-1.0,-1.0
105,2023_09_TEN_PIT,"{'Winner': ['PIT'], 'Probabilities': [0.5454937815666199], 'Result': 'Pittsburgh Steelers'}","{'Over/Under': ['Under'], 'Probability': [0.7930066585540771], 'Result': 'Under'}",Pittsburgh Steelers,0.5454937815666199,Under,0.7930066585540771,2023_09_TEN_PIT,36,Pittsburgh Steelers,37.0,PIT,TEN,2023-11-02,1.606,2.45,Under,Pittsburgh Steelers,Tennessee Titans,True,False,True,False,False,True,False,False,0.6060000000000001,0.91
106,2023_10_TEN_TB,"{'Winner': ['TB'], 'Probabilities': [0.6974584460258484], 'Result': 'Tampa Bay Buccaneers'}","{'Over/Under': ['Under'], 'Probability': [0.5661141276359558], 'Result': 'Under'}",Tampa Bay Buccaneers,0.6974584460258484,Under,0.5661141276359558,2023_10_TEN_TB,26,Tampa Bay Buccaneers,39.0,TB,TEN,2023-11-12,1.689,2.25,Under,Tampa Bay Buccaneers,Tennessee Titans,True,False,True,False,False,True,False,False,0.6890000000000001,0.91
107,2023_11_TEN_JAX,"{'Winner': ['JAX'], 'Probabilities': [0.6995900273323059], 'Result': 'Jacksonville Jaguars'}","{'Over/Under': ['Under'], 'Probability': [0.5356267690658569], 'Result': 'Over'}",Jacksonville Jaguars,0.6995900273323059,Under,0.5356267690658569,2023_11_TEN_JAX,48,Jacksonville Jaguars,40.0,JAX,TEN,2023-11-19,1.322,3.5,Over,Jacksonville Jaguars,Tennessee Titans,True,False,True,False,False,False,True,False,0.32200000000000006,-1.0
108,2023_12_CAR_TEN,"{'Winner': ['TEN'], 'Probabilities': [0.637721836566925], 'Result': 'Tennessee Titans'}","{'Over/Under': ['Over'], 'Probability': [0.822825014591217], 'Result': 'Under'}",Tennessee Titans,0.637721836566925,Over,0.822825014591217,2023_12_CAR_TEN,27,Tennessee Titans,35.5,TEN,CAR,2023-11-26,1.555,2.6,Under,Tennessee Titans,Carolina Panthers,True,False,True,False,False,False,True,False,0.5549999999999999,-1.0
109,2023_14_TEN_MIA,"{'Winner': ['MIA'], 'Probabilities': [0.7565683126449585], 'Result': 'Tennessee Titans'}","{'Over/Under': ['Over'], 'Probability': [0.7810458540916443], 'Result': 'Over'}",Miami Dolphins,0.7565683126449585,Over,0.7810458540916443,2023_14_TEN_MIA,55,Tennessee Titans,45.0,MIA,TEN,2023-12-11,1.111,7.0,Over,Miami Dolphins,Tennessee Titans,True,False,False,True,False,True,False,False,-1.0,0.91
110,2023_16_SEA_TEN,"{'Winner': ['TEN'], 'Probabilities': [0.5566188097000122], 'Result': 'Seattle Seahawks'}","{'Over/Under': ['Over'], 'Probability': [0.6891906261444092], 'Result': 'Under'}",Tennessee Titans,0.5566188097000122,Over,0.6891906261444092,2023_16_SEA_TEN,37,Seattle Seahawks,42.0,TEN,SEA,2023-12-24,2.35,1.625,Under,Tennessee Titans,Seattle Seahawks,True,False,False,True,False,False,True,False,-1.0,-1.0
111,2023_03_NE_NYJ,"{'Winner': ['NE'], 'Probabilities': [0.5781655311584473], 'Result': 'New England Patriots'}","{'Over/Under': ['Under'], 'Probability': [0.8177565485239029], 'Result': 'Under'}",New England Patriots,0.5781655311584473,Under,0.8177565485239029,2023_03_NE_NYJ,25,New England Patriots,36.0,NYJ,NE,2023-09-24,2.25,1.689,Under,New York Jets,New England Patriots,False,True,True,False,False,True,False,False,0.6890000000000001,0.91
112,2023_04_KC_NYJ,"{'Winner': ['KC'], 'Probabilities': [0.665103942155838], 'Result': 'Kansas City Chiefs'}","{'Over/Under': ['Over'], 'Probability': [0.7189800143241882], 'Result': 'Over'}",Kansas City Chiefs,0.665103942155838,Over,0.7189800143241882,2023_04_KC_NYJ,43,Kansas City Chiefs,41.5,NYJ,KC,2023-10-01,4.25,1.235,Over,New York Jets,Kansas City Chiefs,False,True,True,False,False,True,False,False,0.2350000000000001,0.91
113,2023_05_NYJ_DEN,"{'Winner': ['DEN'], 'Probabilities': [0.5665723085403442], 'Result': 'New York Jets'}","{'Over/Under': ['Over'], 'Probability': [0.5768487453460693], 'Result': 'Over'}",Denver Broncos,0.5665723085403442,Over,0.5768487453460693,2023_05_NYJ_DEN,52,New York Jets,42.5,DEN,NYJ,2023-10-08,1.769,2.1,Over,Denver Broncos,New York Jets,True,False,False,True,False,True,False,False,-1.0,0.91
114,2023_06_PHI_NYJ,"{'Winner': ['PHI'], 'Probabilities': [0.6130467057228088], 'Result': 'New York Jets'}","{'Over/Under': ['Over'], 'Probability': [0.6279758810997009], 'Result': 'Under'}",Philadelphia Eagles,0.6130467057228088,Over,0.6279758810997009,2023_06_PHI_NYJ,34,New York Jets,43.5,NYJ,PHI,2023-10-15,3.4,1.333,Under,New York Jets,Philadelphia Eagles,False,True,False,True,False,False,True,False,-1.0,-1.0
115,2023_10_NYJ_LV,"{'Winner': ['LV'], 'Probabilities': [0.674726128578186], 'Result': 'Las Vegas Raiders'}","{'Over/Under': ['Over'], 'Probability': [0.5186610817909241], 'Result': 'Under'}",Las Vegas Raiders,0.674726128578186,Over,0.5186610817909241,2023_10_NYJ_LV,28,Las Vegas Raiders,35.5,LV,NYJ,2023-11-12,1.909,1.909,Under,Las Vegas Raiders,New York Jets,True,False,True,False,False,False,True,False,0.909,-1.0
116,2023_12_MIA_NYJ,"{'Winner': ['MIA'], 'Probabilities': [0.6549722850322723], 'Result': 'Miami Dolphins'}","{'Over/Under': ['Under'], 'Probability': [0.7315261960029602], 'Result': 'Over'}",Miami Dolphins,0.6549722850322723,Under,0.7315261960029602,2023_12_MIA_NYJ,47,Miami Dolphins,40.0,NYJ,MIA,2023-11-24,4.5,1.222,Over,New York Jets,Miami Dolphins,False,True,True,False,False,False,True,False,0.22199999999999998,-1.0
117,2023_15_NYJ_MIA,"{'Winner': ['MIA'], 'Probabilities': [0.7160159945487976], 'Result': 'Miami Dolphins'}","{'Over/Under': ['Under'], 'Probability': [0.8333936333656311], 'Result': 'Under'}",Miami Dolphins,0.7160159945487976,Under,0.8333936333656311,2023_15_NYJ_MIA,30,Miami Dolphins,35.5,MIA,NYJ,2023-12-17,1.294,3.7,Under,Miami Dolphins,New York Jets,True,False,True,False,False,True,False,False,0.29400000000000004,0.91
118,2023_16_WAS_NYJ,"{'Winner': ['NYJ'], 'Probabilities': [0.5083998441696167], 'Result': 'New York Jets'}","{'Over/Under': ['Under'], 'Probability': [0.8915469497442245], 'Result': 'Over'}",New York Jets,0.5083998441696167,Under,0.8915469497442245,2023_16_WAS_NYJ,58,New York Jets,37.0,NYJ,WAS,2023-12-24,1.666,2.25,Over,New York Jets,Washington Commanders,True,False,True,False,False,False,True,False,0.6659999999999999,-1.0
120,2023_03_PHI_TB,"{'Winner': ['TB'], 'Probabilities': [0.7464500069618225], 'Result': 'Philadelphia Eagles'}","{'Over/Under': ['Under'], 'Probability': [0.9309751093387604], 'Result': 'Under'}",Tampa Bay Buccaneers,0.7464500069618225,Under,0.9309751093387604,2023_03_PHI_TB,36,Philadelphia Eagles,45.0,TB,PHI,2023-09-25,2.85,1.444,Under,Tampa Bay Buccaneers,Philadelphia Eagles,True,False,False,True,False,True,False,False,-1.0,0.91
121,2023_04_TB_NO,"{'Winner': ['NO'], 'Probabilities': [0.6398845911026001], 'Result': 'Tampa Bay Buccaneers'}","{'Over/Under': ['Under'], 'Probability': [0.5073752403259277], 'Result': 'Under'}",New Orleans Saints,0.6398845911026001,Under,0.5073752403259277,2023_04_TB_NO,35,Tampa Bay Buccaneers,40.0,NO,TB,2023-10-01,1.54,2.65,Under,New Orleans Saints,Tampa Bay Buccaneers,True,False,False,True,False,True,False,False,-1.0,0.91
122,2023_06_DET_TB,"{'Winner': ['TB'], 'Probabilities': [0.6184351444244385], 'Result': 'Detroit Lions'}","{'Over/Under': ['Over'], 'Probability': [0.5894187092781067], 'Result': 'Under'}",Tampa Bay Buccaneers,0.6184351444244385,Over,0.5894187092781067,2023_06_DET_TB,26,Detroit Lions,43.0,TB,DET,2023-10-15,2.4,1.625,Under,Tampa Bay Buccaneers,Detroit Lions,True,False,False,True,False,False,True,False,-1.0,-1.0
123,2023_11_TB_SF,"{'Winner': ['SF'], 'Probabilities': [0.7000969648361206], 'Result': 'San Francisco 49ers'}","{'Over/Under': ['Over'], 'Probability': [0.7068732380867004], 'Result': 'Under'}",San Francisco 49ers,0.7000969648361206,Over,0.7068732380867004,2023_11_TB_SF,41,San Francisco 49ers,41.5,SF,TB,2023-11-19,1.125,6.5,Under,San Francisco 49ers,Tampa Bay Buccaneers,True,False,True,False,False,False,True,False,0.125,-1.0
124,2023_13_CAR_TB,"{'Winner': ['TB'], 'Probabilities': [0.7898774147033691], 'Result': 'Tampa Bay Buccaneers'}","{'Over/Under': ['Over'], 'Probability': [0.6895846724510193], 'Result': 'Over'}",Tampa Bay Buccaneers,0.7898774147033691,Over,0.6895846724510193,2023_13_CAR_TB,39,Tampa Bay Buccaneers,36.5,TB,CAR,2023-12-03,1.571,2.55,Over,Tampa Bay Buccaneers,Carolina Panthers,True,False,True,False,False,True,False,False,0.571,0.91
125,2023_15_TB_GB,"{'Winner': ['GB'], 'Probabilities': [0.5923264622688293], 'Result': 'Tampa Bay Buccaneers'}","{'Over/Under': ['Over'], 'Probability': [0.6111600995063782], 'Result': 'Over'}",Green Bay Packers,0.5923264622688293,Over,0.6111600995063782,2023_15_TB_GB,54,Tampa Bay Buccaneers,41.5,GB,TB,2023-12-17,1.5,2.65,Over,Green Bay Packers,Tampa Bay Buccaneers,True,False,False,True,False,True,False,False,-1.0,0.91
126,2023_16_JAX_TB,"{'Winner': ['TB'], 'Probabilities': [0.6241108775138855], 'Result': 'Tampa Bay Buccaneers'}","{'Over/Under': ['Under'], 'Probability': [0.6539639234542847], 'Result': 'Under'}",Tampa Bay Buccaneers,0.6241108775138855,Under,0.6539639234542847,2023_16_JAX_TB,42,Tampa Bay Buccaneers,43.0,TB,JAX,2023-12-24,2.1,1.769,Under,Tampa Bay Buccaneers,Jacksonville Jaguars,True,False,True,False,False,True,False,False,1.1,0.91
128,2023_03_LA_CIN,"{'Winner': ['LA'], 'Probabilities': [0.5850038230419159], 'Result': 'Cincinnati Bengals'}","{'Over/Under': ['Under'], 'Probability': [0.5352936387062073], 'Result': 'Under'}",Los Angeles Rams,0.5850038230419159,Under,0.5352936387062073,2023_03_LA_CIN,35,Cincinnati Bengals,43.5,CIN,LA,2023-09-25,1.769,2.1,Under,Cincinnati Bengals,Los Angeles Rams,False,True,False,True,False,True,False,False,-1.0,0.91
129,2023_05_PHI_LA,"{'Winner': ['LA'], 'Probabilities': [0.5967374444007874], 'Result': 'Philadelphia Eagles'}","{'Over/Under': ['Under'], 'Probability': [0.7075979113578796], 'Result': 'Under'}",Los Angeles Rams,0.5967374444007874,Under,0.7075979113578796,2023_05_PHI_LA,37,Philadelphia Eagles,50.5,LA,PHI,2023-10-08,2.65,1.54,Under,Los Angeles Rams,Philadelphia Eagles,True,False,False,True,False,True,False,False,-1.0,0.91
130,2023_06_ARI_LA,"{'Winner': ['LA'], 'Probabilities': [0.5765040516853333], 'Result': 'Los Angeles Rams'}","{'Over/Under': ['Over'], 'Probability': [0.5320568680763245], 'Result': 'Under'}",Los Angeles Rams,0.5765040516853333,Over,0.5320568680763245,2023_06_ARI_LA,35,Los Angeles Rams,48.0,LA,ARI,2023-10-15,1.294,3.7,Under,Los Angeles Rams,Arizona Cardinals,True,False,True,False,False,False,True,False,0.29400000000000004,-1.0
131,2023_07_PIT_LA,"{'Winner': ['LA'], 'Probabilities': [0.7004111409187317], 'Result': 'Pittsburgh Steelers'}","{'Over/Under': ['Over'], 'Probability': [0.7152448892593384], 'Result': 'Under'}",Los Angeles Rams,0.7004111409187317,Over,0.7152448892593384,2023_07_PIT_LA,41,Pittsburgh Steelers,44.0,LA,PIT,2023-10-22,1.571,2.55,Under,Los Angeles Rams,Pittsburgh Steelers,True,False,False,True,False,False,True,False,-1.0,-1.0
132,2023_09_LA_GB,"{'Winner': ['LA'], 'Probabilities': [0.5292794704437256], 'Result': 'Green Bay Packers'}","{'Over/Under': ['Over'], 'Probability': [0.893395721912384], 'Result': 'Under'}",Los Angeles Rams,0.5292794704437256,Over,0.893395721912384,2023_09_LA_GB,23,Green Bay Packers,37.5,GB,LA,2023-11-05,1.54,2.65,Under,Green Bay Packers,Los Angeles Rams,False,True,False,True,False,False,True,False,-1.0,-1.0
133,2023_11_SEA_LA,"{'Winner': ['LA'], 'Probabilities': [0.5590178370475769], 'Result': 'Los Angeles Rams'}","{'Over/Under': ['Under'], 'Probability': [0.5293904542922974], 'Result': 'Under'}",Los Angeles Rams,0.5590178370475769,Under,0.5293904542922974,2023_11_SEA_LA,33,Los Angeles Rams,46.0,LA,SEA,2023-11-19,1.74,2.15,Under,Los Angeles Rams,Seattle Seahawks,True,False,True,False,False,True,False,False,0.74,0.91
134,2023_12_LA_ARI,"{'Winner': ['LA'], 'Probabilities': [0.597863644361496], 'Result': 'Los Angeles Rams'}","{'Over/Under': ['Over'], 'Probability': [0.5919034481048584], 'Result': 'Over'}",Los Angeles Rams,0.597863644361496,Over,0.5919034481048584,2023_12_LA_ARI,51,Los Angeles Rams,45.0,ARI,LA,2023-11-26,2.35,1.645,Over,Arizona Cardinals,Los Angeles Rams,False,True,True,False,False,True,False,False,0.645,0.91
135,2023_13_CLE_LA,"{'Winner': ['LA'], 'Probabilities': [0.5527132153511047], 'Result': 'Los Angeles Rams'}","{'Over/Under': ['Under'], 'Probability': [0.5264130532741547], 'Result': 'Over'}",Los Angeles Rams,0.5527132153511047,Under,0.5264130532741547,2023_13_CLE_LA,55,Los Angeles Rams,39.5,LA,CLE,2023-12-03,1.555,2.6,Over,Los Angeles Rams,Cleveland Browns,True,False,True,False,False,False,True,False,0.5549999999999999,-1.0
136,2023_14_LA_BAL,"{'Winner': ['BAL'], 'Probabilities': [0.6191269755363464], 'Result': 'Baltimore Ravens'}","{'Over/Under': ['Over'], 'Probability': [0.6927777528762817], 'Result': 'Over'}",Baltimore Ravens,0.6191269755363464,Over,0.6927777528762817,2023_14_LA_BAL,68,Baltimore Ravens,42.0,BAL,LA,2023-12-10,1.277,3.8,Over,Baltimore Ravens,Los Angeles Rams,True,False,True,False,False,True,False,False,0.2769999999999999,0.91
137,2023_15_WAS_LA,"{'Winner': ['LA'], 'Probabilities': [0.6078107357025146], 'Result': 'Los Angeles Rams'}","{'Over/Under': ['Under'], 'Probability': [0.5588148534297943], 'Result': 'Under'}",Los Angeles Rams,0.6078107357025146,Under,0.5588148534297943,2023_15_WAS_LA,48,Los Angeles Rams,48.5,LA,WAS,2023-12-17,1.327,3.45,Under,Los Angeles Rams,Washington Commanders,True,False,True,False,False,True,False,False,0.32699999999999996,0.91
138,2023_16_NO_LA,"{'Winner': ['LA'], 'Probabilities': [0.5225167274475098], 'Result': 'Los Angeles Rams'}","{'Over/Under': ['Over'], 'Probability': [0.5404152870178223], 'Result': 'Over'}",Los Angeles Rams,0.5225167274475098,Over,0.5404152870178223,2023_16_NO_LA,52,Los Angeles Rams,45.0,LA,NO,2023-12-21,1.487,2.7,Over,Los Angeles Rams,New Orleans Saints,True,False,True,False,False,True,False,False,0.4870000000000001,0.91
140,2023_07_JAX_NO,"{'Winner': ['NO'], 'Probabilities': [0.5353750586509705], 'Result': 'Jacksonville Jaguars'}","{'Over/Under': ['Over'], 'Probability': [0.5404157042503357], 'Result': 'Over'}",New Orleans Saints,0.5353750586509705,Over,0.5404157042503357,2023_07_JAX_NO,55,Jacksonville Jaguars,41.0,NO,JAX,2023-10-19,1.714,2.2,Over,New Orleans Saints,Jacksonville Jaguars,True,False,False,True,False,True,False,False,-1.0,0.91
141,2023_08_JAX_PIT,"{'Winner': ['JAX'], 'Probabilities': [0.5623970329761505], 'Result': 'Jacksonville Jaguars'}","{'Over/Under': ['Under'], 'Probability': [0.6504637598991394], 'Result': 'Under'}",Jacksonville Jaguars,0.5623970329761505,Under,0.6504637598991394,2023_08_JAX_PIT,30,Jacksonville Jaguars,40.5,PIT,JAX,2023-10-29,2.2,1.714,Under,Pittsburgh Steelers,Jacksonville Jaguars,False,True,True,False,False,True,False,False,0.714,0.91
142,2023_10_SF_JAX,"{'Winner': ['JAX'], 'Probabilities': [0.5017232894897461], 'Result': 'San Francisco 49ers'}","{'Over/Under': ['Under'], 'Probability': [0.8219691216945648], 'Result': 'Under'}",Jacksonville Jaguars,0.5017232894897461,Under,0.8219691216945648,2023_10_SF_JAX,37,San Francisco 49ers,44.5,JAX,SF,2023-11-12,2.45,1.606,Under,Jacksonville Jaguars,San Francisco 49ers,True,False,False,True,False,True,False,False,-1.0,0.91
143,2023_13_CIN_JAX,"{'Winner': ['JAX'], 'Probabilities': [0.6934896111488342], 'Result': 'Cincinnati Bengals'}","{'Over/Under': ['Under'], 'Probability': [0.5996151864528656], 'Result': 'Over'}",Jacksonville Jaguars,0.6934896111488342,Under,0.5996151864528656,2023_13_CIN_JAX,65,Cincinnati Bengals,41.0,JAX,CIN,2023-12-04,1.2,4.75,Over,Jacksonville Jaguars,Cincinnati Bengals,True,False,False,True,False,False,True,False,-1.0,-1.0
144,2023_14_JAX_CLE,"{'Winner': ['CLE'], 'Probabilities': [0.5217771530151367], 'Result': 'Cleveland Browns'}","{'Over/Under': ['Under'], 'Probability': [0.6187908351421356], 'Result': 'Over'}",Cleveland Browns,0.5217771530151367,Under,0.6187908351421356,2023_14_JAX_CLE,58,Cleveland Browns,37.5,CLE,JAX,2023-12-10,1.74,2.15,Over,Cleveland Browns,Jacksonville Jaguars,True,False,True,False,False,False,True,False,0.74,-1.0
145,2023_15_BAL_JAX,"{'Winner': ['BAL'], 'Probabilities': [0.5115237832069397], 'Result': 'Baltimore Ravens'}","{'Over/Under': ['Under'], 'Probability': [0.742516279220581], 'Result': 'Under'}",Baltimore Ravens,0.5115237832069397,Under,0.742516279220581,2023_15_BAL_JAX,30,Baltimore Ravens,42.5,JAX,BAL,2023-12-17,2.8,1.454,Under,Jacksonville Jaguars,Baltimore Ravens,False,True,True,False,False,True,False,False,0.45399999999999996,0.91
147,2023_03_CAR_SEA,"{'Winner': ['SEA'], 'Probabilities': [0.7162479758262634], 'Result': 'Seattle Seahawks'}","{'Over/Under': ['Over'], 'Probability': [0.822624921798706], 'Result': 'Over'}",Seattle Seahawks,0.7162479758262634,Over,0.822624921798706,2023_03_CAR_SEA,64,Seattle Seahawks,42.0,SEA,CAR,2023-09-24,1.425,2.95,Over,Seattle Seahawks,Carolina Panthers,True,False,True,False,False,True,False,False,0.42500000000000004,0.91
148,2023_05_CAR_DET,"{'Winner': ['DET'], 'Probabilities': [0.7977189421653748], 'Result': 'Detroit Lions'}","{'Over/Under': ['Over'], 'Probability': [0.6096100807189941], 'Result': 'Over'}",Detroit Lions,0.7977189421653748,Over,0.6096100807189941,2023_05_CAR_DET,66,Detroit Lions,43.5,DET,CAR,2023-10-08,1.222,4.5,Over,Detroit Lions,Carolina Panthers,True,False,True,False,False,True,False,False,0.22199999999999998,0.91
149,2023_06_CAR_MIA,"{'Winner': ['MIA'], 'Probabilities': [0.7940959334373474], 'Result': 'Miami Dolphins'}","{'Over/Under': ['Under'], 'Probability': [0.7078919112682343], 'Result': 'Over'}",Miami Dolphins,0.7940959334373474,Under,0.7078919112682343,2023_06_CAR_MIA,63,Miami Dolphins,47.5,MIA,CAR,2023-10-15,1.083,8.5,Over,Miami Dolphins,Carolina Panthers,True,False,True,False,False,False,True,False,0.08299999999999996,-1.0
150,2023_10_CAR_CHI,"{'Winner': ['CHI'], 'Probabilities': [0.5820135474205017], 'Result': 'Chicago Bears'}","{'Over/Under': ['Under'], 'Probability': [0.7995702028274536], 'Result': 'Under'}",Chicago Bears,0.5820135474205017,Under,0.7995702028274536,2023_10_CAR_CHI,29,Chicago Bears,38.0,CHI,CAR,2023-11-09,1.571,2.55,Under,Chicago Bears,Carolina Panthers,True,False,True,False,False,True,False,False,0.571,0.91
151,2023_14_CAR_NO,"{'Winner': ['NO'], 'Probabilities': [0.7587683796882629], 'Result': 'New Orleans Saints'}","{'Over/Under': ['Over'], 'Probability': [0.718903124332428], 'Result': 'Under'}",New Orleans Saints,0.7587683796882629,Over,0.718903124332428,2023_14_CAR_NO,34,New Orleans Saints,39.0,NO,CAR,2023-12-10,1.408,3.05,Under,New Orleans Saints,Carolina Panthers,True,False,True,False,False,False,True,False,0.4079999999999999,-1.0
152,2023_16_GB_CAR,"{'Winner': ['GB'], 'Probabilities': [0.5504667162895203], 'Result': 'Green Bay Packers'}","{'Over/Under': ['Over'], 'Probability': [0.7594206929206848], 'Result': 'Over'}",Green Bay Packers,0.5504667162895203,Over,0.7594206929206848,2023_16_GB_CAR,63,Green Bay Packers,38.5,CAR,GB,2023-12-24,2.6,1.526,Over,Carolina Panthers,Green Bay Packers,False,True,True,False,False,True,False,False,0.526,0.91
154,2023_04_BAL_CLE,"{'Winner': ['CLE'], 'Probabilities': [0.6214116215705872], 'Result': 'Baltimore Ravens'}","{'Over/Under': ['Under'], 'Probability': [0.7924444675445557], 'Result': 'Under'}",Cleveland Browns,0.6214116215705872,Under,0.7924444675445557,2023_04_BAL_CLE,31,Baltimore Ravens,38.5,CLE,BAL,2023-10-01,1.714,2.2,Under,Cleveland Browns,Baltimore Ravens,True,False,False,True,False,True,False,False,-1.0,0.91
155,2023_06_SF_CLE,"{'Winner': ['SF'], 'Probabilities': [0.5377857089042664], 'Result': 'Cleveland Browns'}","{'Over/Under': ['Under'], 'Probability': [0.8910072967410088], 'Result': 'Push'}",San Francisco 49ers,0.5377857089042664,Under,0.8910072967410088,2023_06_SF_CLE,36,Cleveland Browns,36.0,CLE,SF,2023-10-15,4.75,1.2,Push,Cleveland Browns,San Francisco 49ers,False,True,False,True,False,False,False,True,-1.0,0.0
156,2023_08_CLE_SEA,"{'Winner': ['SEA'], 'Probabilities': [0.6760746240615845], 'Result': 'Seattle Seahawks'}","{'Over/Under': ['Under'], 'Probability': [0.6965334117412567], 'Result': 'Over'}",Seattle Seahawks,0.6760746240615845,Under,0.6965334117412567,2023_08_CLE_SEA,44,Seattle Seahawks,38.5,SEA,CLE,2023-10-29,1.476,2.75,Over,Seattle Seahawks,Cleveland Browns,True,False,True,False,False,False,True,False,0.476,-1.0
157,2023_09_ARI_CLE,"{'Winner': ['CLE'], 'Probabilities': [0.6746874451637268], 'Result': 'Cleveland Browns'}","{'Over/Under': ['Over'], 'Probability': [0.5230046510696411], 'Result': 'Under'}",Cleveland Browns,0.6746874451637268,Over,0.5230046510696411,2023_09_ARI_CLE,27,Cleveland Browns,38.0,CLE,ARI,2023-11-05,1.125,6.5,Under,Cleveland Browns,Arizona Cardinals,True,False,True,False,False,False,True,False,0.125,-1.0
158,2023_10_CLE_BAL,"{'Winner': ['BAL'], 'Probabilities': [0.6373672485351562], 'Result': 'Cleveland Browns'}","{'Over/Under': ['Under'], 'Probability': [0.5372157394886017], 'Result': 'Over'}",Baltimore Ravens,0.6373672485351562,Under,0.5372157394886017,2023_10_CLE_BAL,64,Cleveland Browns,38.0,BAL,CLE,2023-11-12,1.4,3.1,Over,Baltimore Ravens,Cleveland Browns,True,False,False,True,False,False,True,False,-1.0,-1.0
159,2023_11_PIT_CLE,"{'Winner': ['CLE'], 'Probabilities': [0.6779153943061829], 'Result': 'Cleveland Browns'}","{'Over/Under': ['Under'], 'Probability': [0.8419919013977051], 'Result': 'Under'}",Cleveland Browns,0.6779153943061829,Under,0.8419919013977051,2023_11_PIT_CLE,23,Cleveland Browns,34.5,CLE,PIT,2023-11-19,1.769,2.1,Under,Cleveland Browns,Pittsburgh Steelers,True,False,True,False,False,True,False,False,0.7689999999999999,0.91
160,2023_12_CLE_DEN,"{'Winner': ['CLE'], 'Probabilities': [0.5143609642982483], 'Result': 'Denver Broncos'}","{'Over/Under': ['Over'], 'Probability': [0.6842036247253418], 'Result': 'Over'}",Cleveland Browns,0.5143609642982483,Over,0.6842036247253418,2023_12_CLE_DEN,41,Denver Broncos,37.5,DEN,CLE,2023-11-26,1.8,2.05,Over,Denver Broncos,Cleveland Browns,False,True,False,True,False,True,False,False,-1.0,0.91
161,2023_15_CHI_CLE,"{'Winner': ['CLE'], 'Probabilities': [0.6147469282150269], 'Result': 'Cleveland Browns'}","{'Over/Under': ['Over'], 'Probability': [0.5424699783325195], 'Result': 'Under'}",Cleveland Browns,0.6147469282150269,Over,0.5424699783325195,2023_15_CHI_CLE,37,Cleveland Browns,37.5,CLE,CHI,2023-12-17,1.645,2.3,Under,Cleveland Browns,Chicago Bears,True,False,True,False,False,False,True,False,0.645,-1.0
162,2023_03_CHI_KC,"{'Winner': ['KC'], 'Probabilities': [0.8129885196685791], 'Result': 'Kansas City Chiefs'}","{'Over/Under': ['Under'], 'Probability': [0.514198899269104], 'Result': 'Over'}",Kansas City Chiefs,0.8129885196685791,Under,0.514198899269104,2023_03_CHI_KC,51,Kansas City Chiefs,48.0,KC,CHI,2023-09-24,1.125,6.5,Over,Kansas City Chiefs,Chicago Bears,True,False,True,False,False,False,True,False,0.125,-1.0
163,2023_04_DEN_CHI,"{'Winner': ['DEN'], 'Probabilities': [0.5908792912960052], 'Result': 'Denver Broncos'}","{'Over/Under': ['Under'], 'Probability': [0.8300614058971405], 'Result': 'Over'}",Denver Broncos,0.5908792912960052,Under,0.8300614058971405,2023_04_DEN_CHI,59,Denver Broncos,46.5,CHI,DEN,2023-10-01,2.45,1.606,Over,Chicago Bears,Denver Broncos,False,True,True,False,False,False,True,False,0.6060000000000001,-1.0
164,2023_05_CHI_WAS,"{'Winner': ['WAS'], 'Probabilities': [0.5938618183135986], 'Result': 'Chicago Bears'}","{'Over/Under': ['Under'], 'Probability': [0.9392945356667042], 'Result': 'Over'}",Washington Commanders,0.5938618183135986,Under,0.9392945356667042,2023_05_CHI_WAS,60,Chicago Bears,44.5,WAS,CHI,2023-10-05,1.37,3.2,Over,Washington Commanders,Chicago Bears,True,False,False,True,False,False,True,False,-1.0,-1.0
165,2023_07_LV_CHI,"{'Winner': ['CHI'], 'Probabilities': [0.5511484146118164], 'Result': 'Chicago Bears'}","{'Over/Under': ['Under'], 'Probability': [0.7174736559391022], 'Result': 'Over'}",Chicago Bears,0.5511484146118164,Under,0.7174736559391022,2023_07_LV_CHI,42,Chicago Bears,38.5,CHI,LV,2023-10-22,2.15,1.74,Over,Chicago Bears,Las Vegas Raiders,True,False,True,False,False,False,True,False,1.15,-1.0
166,2023_09_CHI_NO,"{'Winner': ['NO'], 'Probabilities': [0.6294949650764465], 'Result': 'New Orleans Saints'}","{'Over/Under': ['Under'], 'Probability': [0.5764075517654419], 'Result': 'Under'}",New Orleans Saints,0.6294949650764465,Under,0.5764075517654419,2023_09_CHI_NO,41,New Orleans Saints,42.0,NO,CHI,2023-11-05,1.235,4.25,Under,New Orleans Saints,Chicago Bears,True,False,True,False,False,True,False,False,0.2350000000000001,0.91
167,2023_11_CHI_DET,"{'Winner': ['DET'], 'Probabilities': [0.6386203765869141], 'Result': 'Detroit Lions'}","{'Over/Under': ['Under'], 'Probability': [0.709747314453125], 'Result': 'Over'}",Detroit Lions,0.6386203765869141,Under,0.709747314453125,2023_11_CHI_DET,57,Detroit Lions,48.0,DET,CHI,2023-11-19,1.256,4.1,Over,Detroit Lions,Chicago Bears,True,False,True,False,False,False,True,False,0.256,-1.0
168,2023_14_DET_CHI,"{'Winner': ['DET'], 'Probabilities': [0.5746372044086456], 'Result': 'Chicago Bears'}","{'Over/Under': ['Under'], 'Probability': [0.8413799107074738], 'Result': 'Under'}",Detroit Lions,0.5746372044086456,Under,0.8413799107074738,2023_14_DET_CHI,41,Chicago Bears,44.5,CHI,DET,2023-12-10,2.5,1.588,Under,Chicago Bears,Detroit Lions,False,True,False,True,False,True,False,False,-1.0,0.91
169,2023_16_ARI_CHI,"{'Winner': ['CHI'], 'Probabilities': [0.7677114605903625], 'Result': 'Chicago Bears'}","{'Over/Under': ['Under'], 'Probability': [0.8235459625720978], 'Result': 'Over'}",Chicago Bears,0.7677114605903625,Under,0.8235459625720978,2023_16_ARI_CHI,43,Chicago Bears,42.0,CHI,ARI,2023-12-24,1.476,2.75,Over,Chicago Bears,Arizona Cardinals,True,False,True,False,False,False,True,False,0.476,-1.0
170,2023_03_NO_GB,"{'Winner': ['GB'], 'Probabilities': [0.6437525749206543], 'Result': 'Green Bay Packers'}","{'Over/Under': ['Over'], 'Probability': [0.8858321309089661], 'Result': 'Under'}",Green Bay Packers,0.6437525749206543,Over,0.8858321309089661,2023_03_NO_GB,35,Green Bay Packers,42.0,GB,NO,2023-09-24,1.833,2.0,Under,Green Bay Packers,New Orleans Saints,True,False,True,False,False,False,True,False,0.833,-1.0
171,2023_05_NO_NE,"{'Winner': ['NO'], 'Probabilities': [0.5220421850681305], 'Result': 'New Orleans Saints'}","{'Over/Under': ['Over'], 'Probability': [0.9137746095657349], 'Result': 'Under'}",New Orleans Saints,0.5220421850681305,Over,0.9137746095657349,2023_05_NO_NE,34,New Orleans Saints,38.5,NE,NO,2023-10-08,1.833,2.0,Under,New England Patriots,New Orleans Saints,False,True,True,False,False,False,True,False,1.0,-1.0
172,2023_13_DET_NO,"{'Winner': ['DET'], 'Probabilities': [0.6048927307128906], 'Result': 'Detroit Lions'}","{'Over/Under': ['Under'], 'Probability': [0.7022541165351868], 'Result': 'Over'}",Detroit Lions,0.6048927307128906,Under,0.7022541165351868,2023_13_DET_NO,61,Detroit Lions,47.5,NO,DET,2023-12-03,2.7,1.5,Over,New Orleans Saints,Detroit Lions,False,True,True,False,False,False,True,False,0.5,-1.0
174,2023_06_SEA_CIN,"{'Winner': ['SEA'], 'Probabilities': [0.5075936615467072], 'Result': 'Cincinnati Bengals'}","{'Over/Under': ['Under'], 'Probability': [0.7693999111652374], 'Result': 'Under'}",Seattle Seahawks,0.5075936615467072,Under,0.7693999111652374,2023_06_SEA_CIN,30,Cincinnati Bengals,45.5,CIN,SEA,2023-10-15,1.625,2.4,Under,Cincinnati Bengals,Seattle Seahawks,False,True,False,True,False,True,False,False,-1.0,0.91
175,2023_07_ARI_SEA,"{'Winner': ['SEA'], 'Probabilities': [0.6485968232154846], 'Result': 'Seattle Seahawks'}","{'Over/Under': ['Over'], 'Probability': [0.6773558259010315], 'Result': 'Under'}",Seattle Seahawks,0.6485968232154846,Over,0.6773558259010315,2023_07_ARI_SEA,30,Seattle Seahawks,43.5,SEA,ARI,2023-10-22,1.235,4.25,Under,Seattle Seahawks,Arizona Cardinals,True,False,True,False,False,False,True,False,0.2350000000000001,-1.0
176,2023_09_SEA_BAL,"{'Winner': ['BAL'], 'Probabilities': [0.5935048460960388], 'Result': 'Baltimore Ravens'}","{'Over/Under': ['Over'], 'Probability': [0.7875758409500122], 'Result': 'Under'}",Baltimore Ravens,0.5935048460960388,Over,0.7875758409500122,2023_09_SEA_BAL,40,Baltimore Ravens,44.5,BAL,SEA,2023-11-05,1.357,3.3,Under,Baltimore Ravens,Seattle Seahawks,True,False,True,False,False,False,True,False,0.357,-1.0
177,2023_10_WAS_SEA,"{'Winner': ['SEA'], 'Probabilities': [0.5687621235847473], 'Result': 'Seattle Seahawks'}","{'Over/Under': ['Under'], 'Probability': [0.6381809413433075], 'Result': 'Over'}",Seattle Seahawks,0.5687621235847473,Under,0.6381809413433075,2023_10_WAS_SEA,55,Seattle Seahawks,44.0,SEA,WAS,2023-11-12,1.37,3.2,Over,Seattle Seahawks,Washington Commanders,True,False,True,False,False,False,True,False,0.3700000000000001,-1.0
178,2023_12_SF_SEA,"{'Winner': ['SF'], 'Probabilities': [0.6459325551986694], 'Result': 'San Francisco 49ers'}","{'Over/Under': ['Over'], 'Probability': [0.5607495307922363], 'Result': 'Over'}",San Francisco 49ers,0.6459325551986694,Over,0.5607495307922363,2023_12_SF_SEA,44,San Francisco 49ers,43.0,SEA,SF,2023-11-23,3.65,1.303,Over,Seattle Seahawks,San Francisco 49ers,False,True,True,False,False,True,False,False,0.30299999999999994,0.91
179,2023_14_SEA_SF,"{'Winner': ['SF'], 'Probabilities': [0.7135193943977356], 'Result': 'San Francisco 49ers'}","{'Over/Under': ['Over'], 'Probability': [0.7592818140983582], 'Result': 'Under'}",San Francisco 49ers,0.7135193943977356,Over,0.7592818140983582,2023_14_SEA_SF,44,San Francisco 49ers,44.5,SF,SEA,2023-12-10,1.1,7.5,Under,San Francisco 49ers,Seattle Seahawks,True,False,True,False,False,False,True,False,0.10000000000000009,-1.0
180,2023_15_PHI_SEA,"{'Winner': ['PHI'], 'Probabilities': [0.5667998194694519], 'Result': 'Seattle Seahawks'}","{'Over/Under': ['Under'], 'Probability': [0.5269037187099457], 'Result': 'Under'}",Philadelphia Eagles,0.5667998194694519,Under,0.5269037187099457,2023_15_PHI_SEA,37,Seattle Seahawks,46.5,SEA,PHI,2023-12-18,2.85,1.444,Under,Seattle Seahawks,Philadelphia Eagles,False,True,False,True,False,True,False,False,-1.0,0.91
181,2023_03_PIT_LV,"{'Winner': ['LV'], 'Probabilities': [0.6527112126350403], 'Result': 'Pittsburgh Steelers'}","{'Over/Under': ['Over'], 'Probability': [0.5601637363433838], 'Result': 'Under'}",Las Vegas Raiders,0.6527112126350403,Over,0.5601637363433838,2023_03_PIT_LV,41,Pittsburgh Steelers,43.0,LV,PIT,2023-09-24,1.689,2.25,Under,Las Vegas Raiders,Pittsburgh Steelers,True,False,False,True,False,False,True,False,-1.0,-1.0
182,2023_05_BAL_PIT,"{'Winner': ['BAL'], 'Probabilities': [0.587779700756073], 'Result': 'Pittsburgh Steelers'}","{'Over/Under': ['Under'], 'Probability': [0.7334195375442505], 'Result': 'Under'}",Baltimore Ravens,0.587779700756073,Under,0.7334195375442505,2023_05_BAL_PIT,27,Pittsburgh Steelers,38.5,PIT,BAL,2023-10-08,2.8,1.454,Under,Pittsburgh Steelers,Baltimore Ravens,False,True,False,True,False,True,False,False,-1.0,0.91
183,2023_10_GB_PIT,"{'Winner': ['PIT'], 'Probabilities': [0.5667698979377747], 'Result': 'Pittsburgh Steelers'}","{'Over/Under': ['Over'], 'Probability': [0.6935469508171082], 'Result': 'Over'}",Pittsburgh Steelers,0.5667698979377747,Over,0.6935469508171082,2023_10_GB_PIT,42,Pittsburgh Steelers,38.5,PIT,GB,2023-11-12,1.606,2.45,Over,Pittsburgh Steelers,Green Bay Packers,True,False,True,False,False,True,False,False,0.6060000000000001,0.91
184,2023_12_PIT_CIN,"{'Winner': ['CIN'], 'Probabilities': [0.6405733823776245], 'Result': 'Pittsburgh Steelers'}","{'Over/Under': ['Under'], 'Probability': [0.6605769693851471], 'Result': 'Under'}",Cincinnati Bengals,0.6405733823776245,Under,0.6605769693851471,2023_12_PIT_CIN,26,Pittsburgh Steelers,37.0,CIN,PIT,2023-11-26,2.15,1.74,Under,Cincinnati Bengals,Pittsburgh Steelers,True,False,False,True,False,True,False,False,-1.0,0.91
185,2023_13_ARI_PIT,"{'Winner': ['PIT'], 'Probabilities': [0.7250459790229797], 'Result': 'Arizona Cardinals'}","{'Over/Under': ['Under'], 'Probability': [0.5157739520072937], 'Result': 'Under'}",Pittsburgh Steelers,0.7250459790229797,Under,0.5157739520072937,2023_13_ARI_PIT,34,Arizona Cardinals,41.0,PIT,ARI,2023-12-03,1.344,3.35,Under,Pittsburgh Steelers,Arizona Cardinals,True,False,False,True,False,True,False,False,-1.0,0.91
186,2023_14_NE_PIT,"{'Winner': ['PIT'], 'Probabilities': [0.6778877377510071], 'Result': 'New England Patriots'}","{'Over/Under': ['Under'], 'Probability': [0.5281476974487305], 'Result': 'Over'}",Pittsburgh Steelers,0.6778877377510071,Under,0.5281476974487305,2023_14_NE_PIT,39,New England Patriots,30.5,PIT,NE,2023-12-07,1.384,3.15,Over,Pittsburgh Steelers,New England Patriots,True,False,False,True,False,False,True,False,-1.0,-1.0
187,2023_16_CIN_PIT,"{'Winner': ['PIT'], 'Probabilities': [0.5251883864402771], 'Result': 'Pittsburgh Steelers'}","{'Over/Under': ['Under'], 'Probability': [0.5104882717132568], 'Result': 'Over'}",Pittsburgh Steelers,0.5251883864402771,Under,0.5104882717132568,2023_16_CIN_PIT,45,Pittsburgh Steelers,39.0,PIT,CIN,2023-12-23,2.3,1.645,Over,Pittsburgh Steelers,Cincinnati Bengals,True,False,True,False,False,False,True,False,1.2999999999999998,-1.0
188,2023_04_WAS_PHI,"{'Winner': ['PHI'], 'Probabilities': [0.7541087865829468], 'Result': 'Philadelphia Eagles'}","{'Over/Under': ['Under'], 'Probability': [0.5632380247116089], 'Result': 'Over'}",Philadelphia Eagles,0.7541087865829468,Under,0.5632380247116089,2023_04_WAS_PHI,65,Philadelphia Eagles,43.0,PHI,WAS,2023-10-01,1.222,4.5,Over,Philadelphia Eagles,Washington Commanders,True,False,True,False,False,False,True,False,0.22199999999999998,-1.0
189,2023_07_MIA_PHI,"{'Winner': ['PHI'], 'Probabilities': [0.5597327351570129], 'Result': 'Philadelphia Eagles'}","{'Over/Under': ['Under'], 'Probability': [0.768826425075531], 'Result': 'Under'}",Philadelphia Eagles,0.5597327351570129,Under,0.768826425075531,2023_07_MIA_PHI,48,Philadelphia Eagles,52.0,PHI,MIA,2023-10-22,1.625,2.4,Under,Philadelphia Eagles,Miami Dolphins,True,False,True,False,False,True,False,False,0.625,0.91
190,2023_08_PHI_WAS,"{'Winner': ['PHI'], 'Probabilities': [0.6004446744918823], 'Result': 'Philadelphia Eagles'}","{'Over/Under': ['Under'], 'Probability': [0.7364474236965179], 'Result': 'Over'}",Philadelphia Eagles,0.6004446744918823,Under,0.7364474236965179,2023_08_PHI_WAS,69,Philadelphia Eagles,43.0,WAS,PHI,2023-10-29,3.6,1.312,Over,Washington Commanders,Philadelphia Eagles,False,True,True,False,False,False,True,False,0.31200000000000006,-1.0
191,2023_11_PHI_KC,"{'Winner': ['KC'], 'Probabilities': [0.5126193165779114], 'Result': 'Philadelphia Eagles'}","{'Over/Under': ['Under'], 'Probability': [0.6503732800483704], 'Result': 'Under'}",Kansas City Chiefs,0.5126193165779114,Under,0.6503732800483704,2023_11_PHI_KC,38,Philadelphia Eagles,46.0,KC,PHI,2023-11-20,1.714,2.2,Under,Kansas City Chiefs,Philadelphia Eagles,True,False,False,True,False,True,False,False,-1.0,0.91
192,2023_13_SF_PHI,"{'Winner': ['SF'], 'Probabilities': [0.5017248392105103], 'Result': 'San Francisco 49ers'}","{'Over/Under': ['Under'], 'Probability': [0.6834874451160431], 'Result': 'Over'}",San Francisco 49ers,0.5017248392105103,Under,0.6834874451160431,2023_13_SF_PHI,61,San Francisco 49ers,46.5,PHI,SF,2023-12-03,2.35,1.645,Over,Philadelphia Eagles,San Francisco 49ers,False,True,True,False,False,False,True,False,0.645,-1.0
194,2023_05_CIN_ARI,"{'Winner': ['ARI'], 'Probabilities': [0.7260520458221436], 'Result': 'Cincinnati Bengals'}","{'Over/Under': ['Over'], 'Probability': [0.8772567510604858], 'Result': 'Over'}",Arizona Cardinals,0.7260520458221436,Over,0.8772567510604858,2023_05_CIN_ARI,54,Cincinnati Bengals,45.0,ARI,CIN,2023-10-08,2.5,1.588,Over,Arizona Cardinals,Cincinnati Bengals,True,False,False,True,False,True,False,False,-1.0,0.91
195,2023_08_CIN_SF,"{'Winner': ['SF'], 'Probabilities': [0.7679329514503479], 'Result': 'Cincinnati Bengals'}","{'Over/Under': ['Under'], 'Probability': [0.6828475296497345], 'Result': 'Over'}",San Francisco 49ers,0.7679329514503479,Under,0.6828475296497345,2023_08_CIN_SF,48,Cincinnati Bengals,44.0,SF,CIN,2023-10-29,1.476,2.75,Over,San Francisco 49ers,Cincinnati Bengals,True,False,False,True,False,False,True,False,-1.0,-1.0
196,2023_11_CIN_BAL,"{'Winner': ['BAL'], 'Probabilities': [0.7034769654273987], 'Result': 'Baltimore Ravens'}","{'Over/Under': ['Over'], 'Probability': [0.8296043872833252], 'Result': 'Over'}",Baltimore Ravens,0.7034769654273987,Over,0.8296043872833252,2023_11_CIN_BAL,54,Baltimore Ravens,46.5,BAL,CIN,2023-11-16,1.5,2.7,Over,Baltimore Ravens,Cincinnati Bengals,True,False,True,False,False,True,False,False,0.5,0.91
198,2023_09_WAS_NE,"{'Winner': ['NE'], 'Probabilities': [0.5030327439308167], 'Result': 'Washington Commanders'}","{'Over/Under': ['Under'], 'Probability': [0.5620923340320587], 'Result': 'Under'}",New England Patriots,0.5030327439308167,Under,0.5620923340320587,2023_09_WAS_NE,37,Washington Commanders,40.5,NE,WAS,2023-11-05,1.666,2.3,Under,New England Patriots,Washington Commanders,True,False,False,True,False,True,False,False,-1.0,0.91
199,2023_13_MIA_WAS,"{'Winner': ['MIA'], 'Probabilities': [0.6859649419784546], 'Result': 'Miami Dolphins'}","{'Over/Under': ['Under'], 'Probability': [0.9320580288767815], 'Result': 'Over'}",Miami Dolphins,0.6859649419784546,Under,0.9320580288767815,2023_13_MIA_WAS,60,Miami Dolphins,49.5,WAS,MIA,2023-12-03,4.25,1.235,Over,Washington Commanders,Miami Dolphins,False,True,True,False,False,False,True,False,0.2350000000000001,-1.0
200,2023_07_DET_BAL,"{'Winner': ['BAL'], 'Probabilities': [0.5236091613769531], 'Result': 'Baltimore Ravens'}","{'Over/Under': ['Under'], 'Probability': [0.582917183637619], 'Result': 'Over'}",Baltimore Ravens,0.5236091613769531,Under,0.582917183637619,2023_07_DET_BAL,44,Baltimore Ravens,43.5,BAL,DET,2023-10-22,1.625,2.4,Over,Baltimore Ravens,Detroit Lions,True,False,True,False,False,False,True,False,0.625,-1.0
201,2023_08_BAL_ARI,"{'Winner': ['BAL'], 'Probabilities': [0.6060183942317963], 'Result': 'Baltimore Ravens'}","{'Over/Under': ['Under'], 'Probability': [0.6132011115550995], 'Result': 'Over'}",Baltimore Ravens,0.6060183942317963,Under,0.6132011115550995,2023_08_BAL_ARI,55,Baltimore Ravens,45.0,ARI,BAL,2023-10-29,5.0,1.19,Over,Arizona Cardinals,Baltimore Ravens,False,True,True,False,False,False,True,False,0.18999999999999995,-1.0
202,2023_16_BAL_SF,"{'Winner': ['SF'], 'Probabilities': [0.5712668299674988], 'Result': 'Baltimore Ravens'}","{'Over/Under': ['Under'], 'Probability': [0.7595678716897964], 'Result': 'Over'}",San Francisco 49ers,0.5712668299674988,Under,0.7595678716897964,2023_16_BAL_SF,52,Baltimore Ravens,47.5,SF,BAL,2023-12-25,1.344,3.35,Over,San Francisco 49ers,Baltimore Ravens,True,False,False,True,False,False,True,False,-1.0,-1.0
203,2023_06_DEN_KC,"{'Winner': ['KC'], 'Probabilities': [0.7361761927604675], 'Result': 'Kansas City Chiefs'}","{'Over/Under': ['Under'], 'Probability': [0.6956383287906647], 'Result': 'Under'}",Kansas City Chiefs,0.7361761927604675,Under,0.6956383287906647,2023_06_DEN_KC,27,Kansas City Chiefs,47.5,KC,DEN,2023-10-12,1.166,5.5,Under,Kansas City Chiefs,Denver Broncos,True,False,True,False,False,True,False,False,0.16599999999999993,0.91
204,2023_08_KC_DEN,"{'Winner': ['KC'], 'Probabilities': [0.6975854635238647], 'Result': 'Denver Broncos'}","{'Over/Under': ['Over'], 'Probability': [0.8151357173919678], 'Result': 'Under'}",Kansas City Chiefs,0.6975854635238647,Over,0.8151357173919678,2023_08_KC_DEN,33,Denver Broncos,45.5,DEN,KC,2023-10-29,3.65,1.303,Under,Denver Broncos,Kansas City Chiefs,False,True,False,True,False,False,True,False,-1.0,-1.0
205,2023_09_MIA_KC,"{'Winner': ['MIA'], 'Probabilities': [0.5077346563339233], 'Result': 'Kansas City Chiefs'}","{'Over/Under': ['Over'], 'Probability': [0.5429447889328003], 'Result': 'Under'}",Miami Dolphins,0.5077346563339233,Over,0.5429447889328003,2023_09_MIA_KC,35,Kansas City Chiefs,51.0,KC,MIA,2023-11-05,1.869,1.952,Under,Kansas City Chiefs,Miami Dolphins,False,True,False,True,False,False,True,False,-1.0,-1.0
206,2023_12_KC_LV,"{'Winner': ['KC'], 'Probabilities': [0.6171416342258453], 'Result': 'Kansas City Chiefs'}","{'Over/Under': ['Over'], 'Probability': [0.7217763066291809], 'Result': 'Over'}",Kansas City Chiefs,0.6171416342258453,Over,0.7217763066291809,2023_12_KC_LV,48,Kansas City Chiefs,42.5,LV,KC,2023-11-26,4.75,1.2,Over,Las Vegas Raiders,Kansas City Chiefs,False,True,True,False,False,True,False,False,0.19999999999999996,0.91
207,2023_13_KC_GB,"{'Winner': ['KC'], 'Probabilities': [0.6445461809635162], 'Result': 'Green Bay Packers'}","{'Over/Under': ['Over'], 'Probability': [0.6792354583740234], 'Result': 'Over'}",Kansas City Chiefs,0.6445461809635162,Over,0.6792354583740234,2023_13_KC_GB,46,Green Bay Packers,44.0,GB,KC,2023-12-03,3.15,1.384,Over,Green Bay Packers,Kansas City Chiefs,False,True,False,True,False,True,False,False,-1.0,0.91
208,2023_15_KC_NE,"{'Winner': ['KC'], 'Probabilities': [0.6619144082069397], 'Result': 'Kansas City Chiefs'}","{'Over/Under': ['Over'], 'Probability': [0.6543410420417786], 'Result': 'Over'}",Kansas City Chiefs,0.6619144082069397,Over,0.6543410420417786,2023_15_KC_NE,44,Kansas City Chiefs,39.5,NE,KC,2023-12-17,4.75,1.2,Over,New England Patriots,Kansas City Chiefs,False,True,True,False,False,True,False,False,0.19999999999999996,0.91
209,2023_16_LV_KC,"{'Winner': ['KC'], 'Probabilities': [0.7816832065582275], 'Result': 'Las Vegas Raiders'}","{'Over/Under': ['Under'], 'Probability': [0.5736107230186462], 'Result': 'Under'}",Kansas City Chiefs,0.7816832065582275,Under,0.5736107230186462,2023_16_LV_KC,34,Las Vegas Raiders,40.5,KC,LV,2023-12-25,1.166,5.5,Under,Kansas City Chiefs,Las Vegas Raiders,True,False,False,True,False,True,False,False,-1.0,0.91
211,2023_06_NE_LV,"{'Winner': ['LV'], 'Probabilities': [0.6240585446357727], 'Result': 'Las Vegas Raiders'}","{'Over/Under': ['Over'], 'Probability': [0.7413752675056458], 'Result': 'Under'}",Las Vegas Raiders,0.6240585446357727,Over,0.7413752675056458,2023_06_NE_LV,38,Las Vegas Raiders,41.5,LV,NE,2023-10-15,1.666,2.3,Under,Las Vegas Raiders,New England Patriots,True,False,True,False,False,False,True,False,0.6659999999999999,-1.0
212,2023_08_NE_MIA,"{'Winner': ['MIA'], 'Probabilities': [0.8058171272277832], 'Result': 'Miami Dolphins'}","{'Over/Under': ['Over'], 'Probability': [0.8779469728469849], 'Result': 'Over'}",Miami Dolphins,0.8058171272277832,Over,0.8779469728469849,2023_08_NE_MIA,48,Miami Dolphins,47.0,MIA,NE,2023-10-29,1.256,4.1,Over,Miami Dolphins,New England Patriots,True,False,True,False,False,True,False,False,0.256,0.91
213,2023_16_NE_DEN,"{'Winner': ['DEN'], 'Probabilities': [0.7341429591178894], 'Result': 'New England Patriots'}","{'Over/Under': ['Over'], 'Probability': [0.6901196241378784], 'Result': 'Over'}",Denver Broncos,0.7341429591178894,Over,0.6901196241378784,2023_16_NE_DEN,49,New England Patriots,37.5,DEN,NE,2023-12-24,1.285,3.75,Over,Denver Broncos,New England Patriots,True,False,False,True,False,True,False,False,-1.0,0.91
214,2023_04_ARI_SF,"{'Winner': ['SF'], 'Probabilities': [0.6153481602668762], 'Result': 'San Francisco 49ers'}","{'Over/Under': ['Over'], 'Probability': [0.6482284069061279], 'Result': 'Over'}",San Francisco 49ers,0.6153481602668762,Over,0.6482284069061279,2023_04_ARI_SF,51,San Francisco 49ers,43.5,SF,ARI,2023-10-01,1.117,6.75,Over,San Francisco 49ers,Arizona Cardinals,True,False,True,False,False,True,False,False,0.11699999999999999,0.91
215,2023_15_SF_ARI,"{'Winner': ['SF'], 'Probabilities': [0.7185670733451843], 'Result': 'San Francisco 49ers'}","{'Over/Under': ['Under'], 'Probability': [0.6765701472759247], 'Result': 'Over'}",San Francisco 49ers,0.7185670733451843,Under,0.6765701472759247,2023_15_SF_ARI,74,San Francisco 49ers,48.5,ARI,SF,2023-12-17,6.0,1.142,Over,Arizona Cardinals,San Francisco 49ers,False,True,True,False,False,False,True,False,0.1419999999999999,-1.0
216,2023_03_DEN_MIA,"{'Winner': ['MIA'], 'Probabilities': [0.703391969203949], 'Result': 'Miami Dolphins'}","{'Over/Under': ['Over'], 'Probability': [0.6467753052711487], 'Result': 'Over'}",Miami Dolphins,0.703391969203949,Over,0.6467753052711487,2023_03_DEN_MIA,90,Miami Dolphins,47.0,MIA,DEN,2023-09-24,1.37,3.2,Over,Miami Dolphins,Denver Broncos,True,False,True,False,False,True,False,False,0.3700000000000001,0.91
217,2023_07_GB_DEN,"{'Winner': ['GB'], 'Probabilities': [0.5566187500953674], 'Result': 'Denver Broncos'}","{'Over/Under': ['Over'], 'Probability': [0.5062997937202454], 'Result': 'Under'}",Green Bay Packers,0.5566187500953674,Over,0.5062997937202454,2023_07_GB_DEN,36,Denver Broncos,44.0,DEN,GB,2023-10-22,1.833,2.0,Under,Denver Broncos,Green Bay Packers,False,True,False,True,False,False,True,False,-1.0,-1.0
218,2023_15_DEN_DET,"{'Winner': ['DET'], 'Probabilities': [0.5747281312942505], 'Result': 'Detroit Lions'}","{'Over/Under': ['Under'], 'Probability': [0.5155418217182159], 'Result': 'Over'}",Detroit Lions,0.5747281312942505,Under,0.5155418217182159,2023_15_DEN_DET,59,Detroit Lions,49.0,DET,DEN,2023-12-16,1.434,2.9,Over,Detroit Lions,Denver Broncos,True,False,True,False,False,False,True,False,0.43399999999999994,-1.0
219,2023_05_GB_LV,"{'Winner': ['GB'], 'Probabilities': [0.5876993238925934], 'Result': 'Las Vegas Raiders'}","{'Over/Under': ['Under'], 'Probability': [0.6663527190685272], 'Result': 'Under'}",Green Bay Packers,0.5876993238925934,Under,0.6663527190685272,2023_05_GB_LV,30,Las Vegas Raiders,45.0,LV,GB,2023-10-09,1.769,2.1,Under,Las Vegas Raiders,Green Bay Packers,False,True,False,True,False,True,False,False,-1.0,0.91
220,2023_08_LV_DET,"{'Winner': ['DET'], 'Probabilities': [0.6721757650375366], 'Result': 'Detroit Lions'}","{'Over/Under': ['Over'], 'Probability': [0.7780874371528625], 'Result': 'Under'}",Detroit Lions,0.6721757650375366,Over,0.7780874371528625,2023_08_LV_DET,40,Detroit Lions,46.0,DET,LV,2023-10-30,1.303,3.65,Under,Detroit Lions,Las Vegas Raiders,True,False,True,False,False,False,True,False,0.30299999999999994,-1.0
221,2023_11_LV_MIA,"{'Winner': ['MIA'], 'Probabilities': [0.6719465851783752], 'Result': 'Miami Dolphins'}","{'Over/Under': ['Over'], 'Probability': [0.5375269651412964], 'Result': 'Under'}",Miami Dolphins,0.6719465851783752,Over,0.5375269651412964,2023_11_LV_MIA,33,Miami Dolphins,44.5,MIA,LV,2023-11-19,1.1,7.5,Under,Miami Dolphins,Las Vegas Raiders,True,False,True,False,False,False,True,False,0.10000000000000009,-1.0
222,2023_04_DET_GB,"{'Winner': ['GB'], 'Probabilities': [0.5329457521438599], 'Result': 'Detroit Lions'}","{'Over/Under': ['Over'], 'Probability': [0.9112241864204407], 'Result': 'Over'}",Green Bay Packers,0.5329457521438599,Over,0.9112241864204407,2023_04_DET_GB,54,Detroit Lions,46.0,GB,DET,2023-09-28,2.05,1.8,Over,Green Bay Packers,Detroit Lions,True,False,False,True,False,True,False,False,-1.0,0.91
223,2023_12_GB_DET,"{'Winner': ['DET'], 'Probabilities': [0.6427868008613586], 'Result': 'Green Bay Packers'}","{'Over/Under': ['Under'], 'Probability': [0.555639386177063], 'Result': 'Over'}",Detroit Lions,0.6427868008613586,Under,0.555639386177063,2023_12_GB_DET,51,Green Bay Packers,47.0,DET,GB,2023-11-23,1.235,4.25,Over,Detroit Lions,Green Bay Packers,True,False,False,True,False,False,True,False,-1.0,-1.0
